Playlist Index,GT Name,Retrieved Name
0,Ain't Your Mama,Hotel California
0,I Like It Like That,Bring It To Jesus
0,I Wanna Dance with Somebody (Who Loves Me),Home
0,As Long As You Love Me,I'm Yours
0,Boyfriend,Africa
0,What Do You Mean?,Summer Of '69
0,Love Yourself,Electric Feel
0,Never Say Never - Single Version,Song 6
0,Somebody To Love,California Dreamin'
0,Baby,Paradise
0,U Smile,Sunshine
0,That Should Be Me,A Human Body
0,One Time,Sunshine Of Your Love
0,One Less Lonely Girl,Can't Stop the Feeling
0,He Could Be the One,Walking on Sunshine
0,"The Best of Both Worlds - From ""Hannah Montana""/Soundtrack Version",On Top Of The World
0,"If We Were A Movie - From ""Hannah Montana""/Soundtrack Version",Escape (The Pina Colada Song)
0,"Pumpin' Up The Party - From ""Hannah Montana""/Soundtrack Version",Battle Theme
0,"This Is The Life - From ""Hannah Montana""/Soundtrack Version",It's Time
0,Nobody's Perfect,All The Shine
0,Rockstar - Original Version,Do You Know
0,One In A Million,No Good
0,Life's What You Make it,It's Five O' Clock Somewhere
0,You And Me Together,Radioactive
0,True Friend,Baby
0,G.N.O. Girls Night Out,Land Downunder
0,Let's Get Crazy,Good Vibrations
0,I'll Always Remember You,Sunny Afternoon - Live
0,Bleeding Love,Summer Breeze
0,Trouble,I'll Follow The Sun
0,Don't Stop Believin',Let Her Go
0,"Riff Off - From ""Pitch Perfect 2"" Soundtrack",Brown Eyed Girl
0,Introducing Me,Does It
0,Ironic - 2015 Remastered,Don't Stop Believin'
0,1985,Ice Ice Baby
0,All Star,Superstition
0,Carry On,Free Fallin'
0,The Time (Dirty Bit),Eye of the Tiger
0,Yeah!,Up Around the Bend
0,Love Is an Open Door,Summertime Sadness
0,Club Can't Handle Me (feat. David Guetta) - Feat. David Guetta,Perfect Day
0,Stronger,Kokomo
0,You're Beautiful,Life Is A Highway
0,So Good,Cherry Wine - Live
0,This Love,Dani California
0,Burnin' Up,Shiny Happy People
0,A Thousand Miles,Drops of Jupiter
0,Video Killed The Radio Star,Beautiful Day
0,Lean on Me,Mercy
0,I Want You Back,Unwritten
0,Ain't No Mountain High Enough,Send Me on My Way
0,Empire State Of Mind,Strawberry Fields Forever - Take 7
0,Jordan Belfort,Free Bird
0,She Will Be Loved - Radio Mix,Real Thing
0,Bless The Broken Road,A Thousand Miles
0,Best Song Ever,Lucille
0,Wonderwall - Remastered,Los Angeles
0,Island In The Sun,Kids
0,3 am - Remastered Version,Secrets
0,Fall For You,Bitter Sweet Symphony
0,All Time Low,California Girls
0,Toes,Otherside
0,Chicken Fried,Mr. Brightside
0,The Tide Is High - Rerecorded 2014 Version,Under The Bridge
0,Need You Now,Into The Mystic
0,Just a Kiss,Daylight
0,"10,000 Reasons (Bless The Lord) - Live",Dancing in the Moonlight
0,Dancing Queen,Margaritaville
0,Piano Man,Once
0,Love Is A Battlefield,Summer Nights
0,FourFiveSeconds,Surfin' U.S.A.
0,Wake Me Up When September Ends,Take It Easy
0,Marvin Gaye (feat. Wale) - Remix,Euphoria
0,Watch Me (Whip / Nae Nae),Sweet Child O' Mine
0,Bad Day,Do You Know
0,Start Of Something New,Where The Streets Have No Name
0,What I've Been Looking For,Dancing Queen
0,Stick To The Status Quo,Money For Nothing
0,When There Was Me And You,Stolen Dance
0,Bop To The Top,Livin' On A Prayer
0,Breaking Free,Clocks
0,What Time Is It,Fix You
0,Fabulous,Californication
0,Work This Out,Viva La Vida
0,"You Are The Music In Me - From ""High School Musical 2""/Soundtrack Version",Roar
0,I Don't Dance,Don't Try So Hard
0,Gotta Go My Own Way,Firework
0,Bet On It,Just Dance
0,Everyday,I Need Your Love
0,All For One,Grenade
0,Humuhumunukunukuapua'a,Budapest
0,Now Or Never,I Was Made To Love Him
0,I Want It All,Carolina
0,Can I Have This Dance,Shut Up and Dance
0,A Night To Remember,Born to Be Wild
0,Just Wanna Be With You,Friday I'm In Love
0,The Boys Are Back,Hound Dog
0,Walk Away,What's Up?
0,Senior Year Spring Musical,Seven Nation Army
0,High School Musical,Games
0,This Is Me,Hot N Cold
0,Too Cool,my boy
0,Hasta La Vista,Lovely Day
0,Gotta Find You,Ain't No Sunshine
0,Play My Music,Always Somewhere
0,Year 3000,My Love
0,S.O.S.,Call Me Maybe
0,Toothbrush,September
0,We Don't Talk Anymore (feat. Selena Gomez),Party In The U.S.A.
0,"i hate u, i love u (feat. olivia o'brien)",With Or Without You
0,My Boo - Hitman's Club Mix,Poker Face
0,Absolutely (Story of a Girl) - Radio Mix,Shape of You
0,The Way You Love Me,Stayin' Alive
0,When I Was Your Man,Smells Like Teen Spirit
0,Just the Way You Are,Bohemian Like You
0,Count On Me,Go Gina
0,What Makes You Beautiful,Stand Out
0,One Thing,Wrecking Ball
0,Tell Me a Lie,Summer Of '69
0,Live While We're Young,Wonderwall
0,Little Things,Country Girl (Shake It For Me)
0,They Don't Know About Us,Paris
0,Story of My Life,Hypnotic
0,Steal My Girl,Dog Days Are Over
0,Perfect,I'm a Believer
0,End of the Day,Dancing Queen
0,Olivia,Havana
0,I Want to Write You a Song,Ride
0,She Looks So Perfect,Rolling in the Deep
0,18,Wake Me up Before You Go-Go
0,She's Kinda Hot,Umbrella
0,All-American Girl,In The Night
0,I Will Always Love You,In the Summertime
0,Ride,Overjoyed
0,Rude,Don't Stop Believin'
0,I'm Gonna Be (500 Miles),Waka Waka (This Time for Africa) - K-Mix
0,Don't Go Breaking My Heart,Times Like These
0,Walking On Sunshine,Castle
0,Hey There Delilah,Radioactive
0,Footloose,Gangnam Style (강남스타일)
0,Hips Don't Lie,Take On Me
0,I Want It That Way,Widow
0,"Hey, Soul Sister",Born In The U.S.A.
0,Come On Eileen,Life Is A Highway
0,She's so High,We Will Rock You
0,Sweet Dreams (Are Made of This) - Remastered,Cruise
0,Stayin' Alive,Life's a Beach
0,ABC,Ebenezer
0,Wannabe - Radio Edit,The Lazy Song
0,Viva La Vida,Dear Hate
0,Take On Me,Electric Love
0,Oops!...I Did It Again,New Shoes
0,Hey Jude - Remastered 2015,Walking On A Dream
0,Bye Bye Bye,Red Red Wine
0,I Will Survive,Stairway To Heaven
0,My Girl,Sweet Home Alabama
0,Ice Ice Baby,Imagine
0,Escape (The Pina Colada Song),Mellow Yellow
0,Jessie's Girl,Song 6
0,Waka Waka (This Time for Africa) (The Official 2010 FIFA World Cup (TM) Song),Shake It Off
0,If I Had A Million Dollars,California 2005
0,Where Is The Love?,Beachin'
0,One Way or Another (Teenage Kicks),Soak Up The Sun
0,A Drop In The Ocean,Chasing the Sun
0,I'll Be,Once In A Lifetime
0,Never Stop,Some Beach
0,Die a Happy Man,Nfl On Fox
0,I Won't Give Up,Under the Boardwalk
0,Use Somebody (feat. Hannah Trigwell),Blue Sky
0,"Dear Maria, Count Me In",Dancing in the Street
0,I Just Haven't Met You Yet,Summer
0,100 Years,Two Suns in the Sunset
0,Smile,Sunshine And Summertime
0,You Found Me,Homicide
0,Marry Me,Lovely Day
0,"Save Me, San Francisco",Badge - Live
0,Kokomo,Sand in My Shoes
0,Chloe (You're the One I Want),Summertime Blues
0,Beverly Hills,Brighter Than Sunshine
0,Sk8er Boi,Playa Boi
0,Follow Me,Sand in My Shoes
0,Fallin' For You,The Boys Of Summer
0,Here Comes The Sun - Remastered,Ocean Front Property
0,Don't Let Me Down,Summertime
0,For the First Time,Breakfast At Tiffany's
0,Love Like Woe,Grenade
0,You And Me,Counting Stars
0,Marry You,Stand
0,I Never Told You,The Sun Always Shines On Tv
0,Til The Day I Die,Walkin' On The Sun
0,Life Is A Highway,The Sun
0,Bubbly,California Roll
0,Lucky,Surf City
0,YOUTH - Gryffin Remix,Drift Away
0,Never Gonna Let You Down,Malibu
0,Halo,America
0,Stay - Album Version (Edited),Good Life
0,Someone Like You,Go Flex
0,human,Surfer Girl
0,"Lollipop - From ""Pitch Perfect 2"" Soundtrack",Island In The Sun
0,Hero,Golden Days
0,Big Girls Don't Cry (Personal),I Can See Clearly Now
0,Stay With Me,California Dreamin'
0,Sunday Morning,In My Place
0,Let Her Go,Dancing Barefoot
0,Budapest,Fly Over States
0,Problem,Cold Beverage
0,Don't Matter,The Sound Of Sunshine
0,Ridin' Solo,Run Run Run
0,It Girl,This Is The Life
0,Dumb,Summer In The City
0,Talk Dirty (feat. 2 Chainz),Twilight
0,Marry Me,Waiting For The Sun
0,Take A Bow - Main,Good Vibrations
0,Man in the Mirror - 2012 Remaster,Island In The Sun
0,Straight Up,The Sun
0,Irreplaceable - Live,Sun It Rises
0,If I Were a Boy,Mexico
0,Clumsy,Feel Good Inc
0,Summer Nights - From “Grease” Soundtrack,So What'Cha Want
0,You're The One That I Want - From “Grease” Soundtrack,The Suburbs
0,Hopelessly Devoted To You,Long Cool Woman (In a Black Dress)
0,Beauty School Dropout,Mustang Sally
0,Look At Me I'm Sandra Dee,Born to Be Wild
0,Greased Lightnin',Spirit In The Sky
0,Those Magic Changes,Barbeque
0,We Go Together,Summertime Thing
0,Jenny 867-5309,Heatwave
0,Right Now (Na Na Na),Glory Days
0,Brown Eyed Girl,Sunny Disposition
0,Maybe,Summer Girls
0,It's The Hard-Knock Life,Flipside
0,Tomorrow,You And Your Heart
0,I Think I'm Gonna Like It Here (2014 Film Version),Sweater Weather
0,You're Never Fully Dressed Without a Smile (2014 Film Version),Feel It Still
0,Easy Street (2014 Film Version),Love My Way
0,I Don't Need Anything But You (2014 Film Version),Bar One
0,Closer,High By The Beach
0,Cupid's Chokehold / Breakfast In America,Favorite Record
0,You & Me,American Pie
1,(You Drive Me) Crazy,Naked
1,Oops!...I Did It Again,Don't Speak
1,Stronger,Total Eclipse of the Heart
1,Lucky,Like A Virgin
1,I'm a Slave 4 U,Just Dance
1,Me Against the Music - LP Version / Video Mix,Beautiful
1,Toxic,Moonshine
1,Brave New Girl,my boy
1,Gimme More,Mr. Brightside
1,Piece of Me,Mole
1,Womanizer,Ben
1,Circus,Born This Way
1,Till the World Ends,Oops!...I Did It Again
1,Hold It Against Me,Livin' la Vida Loca
1,Work B**ch,Bleeding Love
1,Genie in a Bottle,Rolling in the Deep
1,What a Girl Wants,Party In The U.S.A.
1,Come on over Baby (All I Want Is You) - Radio Version,...Baby One More Time
1,Fighter,Single Ladies
1,Beautiful,Blurred Lines
1,Ain't No Other Man,Like I Love You
1,Candy,Style
1,Have a Little Faith In Me,Hot N Cold
1,Graduation (Friends Forever),Look What You Made Me Do
1,With You,Shake It Off
1,I Wanna Love You Forever,All About That Bass
1,I Think I'm in Love with You,Cry Me a River
1,I Do (Cherish You),Genie in a Bottle
1,The Hardest Thing,As You Are
1,Summer Girls,Inside
1,Wannabe - Radio Edit,Lush Life
1,Say You'll Be There - Single Mix,Right Here
1,Good For You,Fin de Semana
1,Same Old Love,Bad Together
1,Come & Get It,Call Me Maybe
1,Love You Like A Love Song,Domino
1,Cool for the Summer,Havana
1,Confident,Poker Face
1,Really Don't Care,Love Story
1,Heart Attack,The Light
1,S.O.S.,Finesse
1,Paranoid,Starships
1,What Makes You Beautiful,New Rules
1,Kiss You,Homesick
1,She's Not Afraid,Fancy
1,Best Song Ever,The Show Must Go On
1,Story of My Life,Halo
1,Steal My Girl,Firework
1,Party In The U.S.A.,Better Left Unsaid
1,We Can't Stop,Shape of You
1,Wrecking Ball,Cheap Thrills
1,Step by Step,Big Lie
1,You Got It (The Right Stuff),Can't Stop the Feeling
1,Bellas Finals: Price Tag/Don’t You (Forget About Me)/Give Me Everything/Just The Way You Are/Party In The U.S.A./Turn The Beat Around,Every Time You Go
1,Heartbeat Song,Ghost
1,Since U Been Gone,She Will Be Loved - Demo
1,Stronger (What Doesn't Kill You),Bad Liar
1,Because of You,Go Flex
1,Invincible,Lost On You
1,Just Give Me a Reason,In The Night
1,Get The Party Started,Roar
1,L.A.LOVE (la la),What Makes You Beautiful
1,Fergalicious,Story of My Life
1,Glamorous,Closer
1,London Bridge,Work
1,Clumsy,Thinking Out Loud
1,Big Girls Don't Cry (Personal),Carolina
1,Canned Heat,Perfect
1,Virtual Insanity - Remastered,Hands On Me
1,Girl On TV,Crying in the Club
1,Welcome To New York,Cool for the Summer
1,Blank Space,Baby
1,Style,Room For 2
1,Out Of The Woods,Run Away With Me
1,All You Had To Do Was Stay,Good As Hell
1,Shake It Off,Wolves
1,I Wish You Would,One Touch
1,Bad Blood,Nicotine
1,Wildest Dreams,Good For You
1,How You Get The Girl,Hep Hop
1,This Love,Glad You Came
1,I Know Places,Alone
1,Clean,Time Time Time
1,Wonderland,Games
1,You Are In Love,Cheer
1,New Romantics,Rise Up
1,"Hey, Soul Sister",美女と野獣
1,Levels,Strip That Down
1,Focus,Ready
1,Want to Want Me,The Greatest
1,Stitches,Lit Thot
1,Just the Way You Are,Without
1,Teenage Dream (Glee Cast Version),Saxofon
1,Rather Be,Humanize
1,One Last Time,Ride with Me
1,Love Me Harder,Patient
1,Bang Bang,Attention
1,Break Free,Believe
1,Problem,I Need Your Love
1,The Way,Fight Song
1,Tattooed Heart,"Hey, Soul Sister"
1,Popular Song,Many Moons
1,Break Your Heart Right Back,It's My Life
1,Like I'm Gonna Lose You,It Girl
1,Dear Future Husband,Royals
1,All About That Bass,Te Amo
1,Lips Are Movin,Give Your Heart A Break
1,Title,Shame On Me
1,Firework,I'm Not The Only One
1,Dark Horse,Real Love
1,Last Friday Night (T.G.I.F.),Rude
1,California Gurls - feat. Snoop Dogg,Counting Stars
1,Wide Awake,Only Girl (In The World)
1,Roar,Love You Lately
1,The One That Got Away,My House
1,I Kissed a Girl,Fancy
1,Hot N Cold,I Took A Pill In Ibiza
1,Someone Like You,Hallelujah
1,Set Fire to the Rain,Best Day Of My Life
1,Rolling in the Deep,Where Are You Now?
1,Rumour Has It,Animals
1,Make You Feel My Love,This Is What You Came For
1,Fuck You,PILLOWTALK
1,Smile,You Light My Fire
1,Somewhere Only We Know,Chained To The Rhythm
1,Mercy,Needed Me
1,Back To Black,Can't Feel My Face
1,Rehab,Holiday Rap - Maxi
1,"Valerie - Live At BBC Radio 1 Live Lounge, London / 2007",Wildest Dreams
1,Shower,The Road
1,Break a Sweat,Faded
1,BO$$,Stitches
1,Sledgehammer,Stronger
1,Worth It,The Hills
1,Move,This Love
1,Black Magic,I Know It's Over
1,Want U Back,Super Bass
1,Domino,Locked Out Of Heaven
1,Price Tag,Sorry
1,Umbrella,Don't
1,FourFiveSeconds,Hitchhiker
1,S&M,Hold My Hand
1,Only Girl (In The World),A Sky Full of Stars
1,We Found Love,Budapest
1,I Need Your Love,Fantasy
1,"Love Me Like You Do - From ""Fifty Shades Of Grey""",Not a Bad Thing
1,Burn,Team
1,Lights - Single Version,Elastic Heart
1,Drops of Jupiter,Waves
1,Meet Virginia,Cool Kids
1,Drive By,River
1,50 Ways to Say Goodbye,Work from Home
1,Alive,Oi Oi
1,Chandelier,Bad Blood
1,Elastic Heart,The One That Got Away
1,Skyfall - Full Length,Gangsta Party
1,Stay With Me,Black Widow
1,I'm Not The Only One,The Sound
1,Latch,Shout Out to My Ex
1,Counting Stars,NO
1,Apologize,Hey Jude
1,Love Runs Out,One Last Time
1,If I Never See Your Face Again,Love Yourself
1,Harder To Breathe,Grenade
1,This Love,Bad As I Am
1,She Will Be Loved - Radio Mix,24K Magic
1,Sunday Morning,Dangerous Woman
1,Secret,Into You
1,Sweetest Goodbye,Worth It
1,Woman - Demo,Closer
1,Ragdoll - Original Demo/Non-LP International B-Side,Wildest Dreams
1,If I Fell - Acoustic,Castle
1,Makes Me Wonder,Let Her Go
1,Wake Up Call,Heart Attack
1,Won't Go Home Without You,Love Me Again
1,Misery,Try
1,One More Night,Royals
1,Daylight,Radioactive
1,Love Somebody,Wide Awake
1,Maps,This World is Watching Me
1,Animals,We Can't Stop
1,It Was Always You,Don't Stop Believin'
1,Sugar,Pumped Up Kicks
1,Payphone,All of Me
1,This Summer - Maroon 5 vs. Alesso,Stay With Me
1,Feelings,Summer
1,Call And Answer,Come & Get It
1,One Week,Am I Wrong
1,Pinch Me,Balar
1,"If I Had $1,000,000",Baby
1,Light Up My Room,Skyfall
1,Harlem,La La La
1,Tonight You're Perfect,Mirrors
1,All Star,Elastic Love
1,Walkin' On The Sun,Classic
1,I'm A Believer,Gorilla
1,Can't Get Enough Of You Baby,It's A Beautiful Day
1,Satellite,Good Feeling
1,Crash into Me,Sugar
1,Ants Marching,Beauty And A Beat
1,Satellite,Trust in Me
1,So Much to Say,Don't You Worry Child
1,What Would You Say,Just the Way You Are
1,Crush,Quicklime
1,Banana Pancakes,What You Do to Me
1,Better Together,Feel
1,"Sitting, Waiting, Wishing",Nobody's Home
1,Taylor,Shake It
1,Never Going Back Again (Glee Cast Version),Many Moons
1,Lucky (Glee Cast Version),Get The Party Started
1,Cake By The Ocean,Call On Me
1,Because Of You,Tattoo
1,God Must Have Spent a Little More Time on You - Remix,Empire State Of Mind
1,We Don't Talk Anymore (feat. Selena Gomez),SexyBack
1,Into You,Teenage Dream
1,Cheap Thrills,Beautiful Girls
1,Final Song,What Goes Around...Comes Around - Radio Edit
1,NO,The Sweet Escape
1,Me Too,Paradise
1,Champagne Problems,One More Night
1,I'm a Lady - from SMURFS: THE LOST VILLAGE,Payphone
1,Shape of My Heart,Do It Well
1,Show Me the Meaning of Being Lonely,Doing It
1,Every Morning,How You Remind Me - LP Mix
1,Someday,It's My Life
1,Fly,Numb
1,When It's Over - David Kahne Main,Poker Face
1,Play That Song,Just Lose It
1,Angel in Blue Jeans,Radioactive
1,Hollaback Girl,Here I Go
1,Rich Girl,Drag Me Down
1,Company,Good For You
1,What Do You Mean?,Take Me To Church
1,Sorry,Animals
1,Love Yourself,I Really Like You
1,I'll Show You,Chains
1,The Feeling,Move
1,No Pressure,Want to Want Me
1,Let Me Love You,Lips Are Movin
1,Chained To The Rhythm,Hey Brother
2,On The Dark Side,Take On Me
2,Take My Breath Away,Morphine
2,(I've Had) The Time of My Life,Time After Time
2,White Wedding - Pt. 1,Crazy Little Thing Called Love - Live
2,Uptown Girl,Don't Stop Believin'
2,The Longest Time,Africa
2,We Didn't Start the Fire,Red Red Wine
2,Caribbean Queen (No More Love On the Run),Sweet Child O' Mine
2,"When the Going Gets Tough, The Tough Get Going",Girls Just Want to Have Fun
2,Just A Friend,Another One Bites The Dust - Live
2,Ride On Time - Massive Mix,You Spin Me Round (Like a Record)
2,Total Eclipse of The Heart,Hungry Like The Wolf - Live
2,I Want Candy,Billie Jean
2,The Way It Is,What You Want
2,Glory Days,Everybody Wants To Rule The World
2,Dancing In The Dark,Sweet Dreams (Are Made of This)
2,Born In The U.S.A.,Don't You (Forget About Me)
2,Pac-Man Fever (Re-Recorded / Remastered),Under Pressure - Live
2,Word Up,Push It
2,The Flame - Single Version,I Was Made To Love Him
2,You're a Friend of Mine,Hit Me With Your Best Shot
2,Should I Stay or Should I Go - Remastered,Karma Chameleon
2,Rock the Casbah - Remastered,Summer Of '69
2,Lean On Me (Re-Recorded / Remastered),Here Comes The Rain Again - Live
2,Sunglasses At Night,Livin' On A Prayer
2,Karma Chameleon - 2002 - Remaster,Whip It
2,(I Just) Died in Your Arms,Ben
2,Girls Just Want to Have Fun,Power Of Love
2,Time After Time,Never Gonna Give You Up
2,True Colors,Dancing In The Dark
2,Rich Girl,Should I Stay or Should I Go - Live
2,Out of Touch - Remastered,Take My Breath Away
2,Maneater - Remastered,I Want To Know What Love Is
2,You Make My Dreams - Remastered,We Built This City
2,I Can't Go for That (No Can Do) - Remastered,Born In The U.S.A.
2,China Girl - 2002 Remastered Version,Heaven Is A Place On Earth
2,Let's Dance - 1999 Remastered Version,Thriller
2,You Spin Me Round (Like a Record),Like A Prayer
2,Lost In Your Eyes,Down Under
2,Only In My Dreams,Love Shack
2,Let's Hear It for the Boy,Once
2,Just Can't Get Enough - Remastered,Sweet Love
2,Come On Eileen,Flashdance... What A Feeling
2,Parents Just Don't Understand,Physical
2,Islands In The Stream,Pour Some Sugar on Me
2,Heartbeat,Glory Of Love
2,The Show,Hold Me Now
2,The Reflex - Single Version;2010 Remastered Version,Missing You
2,Let's Groove,Girls On Film - Live
2,Take Me Home Tonight,The Look
2,Party All the Time,Small
2,"Rock ""n"" Roll Is King",I'm Still Standing
2,Hungry Eyes,Always On My Mind
2,Sweet Dreams (Are Made of This) - Remastered,It's Alright
2,Rock Me Amadeus - The Gold Mix,Higher Love
2,Jail House Rap,99 Red Balloons
2,She Drives Me Crazy,We are the Clash
2,One Thing Leads To Another,New Sensation
2,I Ran,Pump Up The Jam
2,Faith - Remastered,Bizarre Love Triangle
2,Father Figure - Remastered,All Night Long (All Night)
2,Conga,Any Way You Want It
2,Rhythm is Gonna Get You,Love
2,Anything for You,Back in Black
2,We Got The Beat,Atomic
2,Sweet Child O' Mine,Beds Are Burning
2,What About Love?,Buffalo Soldier
2,Rockit,Careless Whisper
2,The Real Roxanne,"December, 1963 (Oh What A Night!)"
2,All You Zombies,Fantasy
2,The Power Of Love,Brothers In Arms
2,Centerfold,Every Little Thing She Does Is Magic - Remastered 2003
2,Living In America,Funkytown
2,"Believe It or Not (Theme From ""Greatest American Hero"")",Glory Days
2,C.I.T.Y.,I Can't Tell You Why
2,Don't Stop Believin',Jump (For My Love)
2,Any Way You Want It,Just Like Heaven
2,Open Arms,Magic Dance
2,Too Shy,Little Red Corvette
2,Give It Up,Love Is A Battlefield
2,Footloose,Money For Nothing
2,Danger Zone,Owner Of A Lonely Heart
2,Bette Davis Eyes,Paradise City
2,You Keep Me Hangin On,Digg It
2,The Breaks,Rapper's Delight
2,All Night Long (All Night) - Single Version,Stayin' Alive
2,This Is The Right Time - Remastered,True
2,Rock The Bells,Tainted Love
2,Turn Me Loose,What's Love Got to Do with It
2,Working for the Weekend,Wake Me up Before You Go-Go
2,Never Too Much,When Doves Cry
2,Pop Muzik,You Give Love A Bad Name
2,Our House,One Love / People Get Ready
2,Like A Prayer,Another Day In Paradise - Live
2,Material Girl,Macho Macho
2,Like A Virgin,Lean on Me
2,Sexual Healing,The Getaway
2,Down Under,Just Can't Get Enough - Live
2,Who Can It Be Now?,Heartbreaker
2,How Am I Supposed to Live Without You,Can't Fight This Feeling
2,Rock On - Ver. 09,It's My Life - US Mix
2,Thriller - 2003 Edit,The Valley
2,Smooth Criminal - 2012 Remaster,It's Raining Men
2,The Girl Is Mine,Shake It Up
2,P.Y.T. (Pretty Young Thing),Hold On Loosely
2,Theme From Hill Street Blues - Theme from Hill St. Blues,Centerfold
2,Your Wildest Dreams,Jessie's Girl
2,Kyrie,Love Will Tear Us Apart
2,Broken Wings,The Safety Dance
2,One Night In Bangkok - From “Chess” / Remastered 2016,Don't Dream It's Over
2,99 Red Balloons,Master Blaster (Jammin')
2,I'll Be Loving You (Forever),Hip To Be Square
2,Hangin' Tough,You Shook Me All Night Long
2,You Got It (The Right Stuff),West End Girls
2,Blue Monday - 2015 Remastered Version,Abracadabra
2,Jam On It,"Believe It or Not (Theme From ""Greatest American Hero"")"
2,Crazy Train - Remastered,On The Wings Of Love
2,Shot in the Dark,Upside Down
2,You Can Call Me Al,Let's Hear It for the Boy
2,Graceland,Papa Don't Preach
2,Every Time You Go Away,She Works Hard For The Money
2,Straight Up,Beat's So Lonely
2,Glory Of Love,Tom's Diner
2,In The Air Tonight - 2015 Remastered,Sign 'O' The Times
2,Sussudio - 2016 Remastered,In the Air Tonight
2,I'm So Excited,Like A Virgin
2,Every Rose Has Its Thorn - 2003 - Remaster,Material Girl
2,Every Breath You Take - Remastered 2003,Raspberry Beret
2,Funky Town,Loving You
2,Pretty in Pink,If You Leave
2,Love My Way,What Do You Do When Love Dies
2,Harden My Heart,Too Shy
2,Mama Weer All Crazee Now,I Love Rock n' Roll
2,Metal Health (Bang Your Head),Ghostbusters
2,Cum on Feel the Noize,Maneater
2,Ghostbusters,Uptown Girl
2,Keep on Loving You - Remastered,I'm A Fishin' Man
2,Can't Fight This Feeling,Heaven
2,Together Forever,Every Rose Has It's Thorn
2,Never Gonna Give You Up,Just What I Needed
2,Jessie's Girl,Do You Really Want To Hurt Me
2,Addicted To Love - Edit,Don't You Want Me
2,You Got It,Come On Eileen
2,Walk This Way,Sledgehammer
2,Rock Box,Tempted
2,It's Tricky,Free Fallin'
2,Smooth Operator - Single Version,Where The Streets Have No Name
2,The Sweetest Taboo,We Didn't Start the Fire
2,Push It,Total Eclipse of the Heart
2,Touch Me (I Want Your Body),Back To Life (However Do You Want Me) - Feat. Caron Wheeler
2,Naughty Girls (Need Love Too),Celebration
2,I Can't Drive 55,Don't Hold Anything Back
2,Don't You (Forget About Me),I'm Coming Out
2,How Soon Is Now? - 2011 Remastered Version,War
2,True,Friends
2,Sara,I Want Candy
2,We Built This City,With Or Without You
2,Oh Sherrie,Footloose
2,Higher Love - Full Album Version,I'm So Excited
2,The Message (feat. Melle Mel & Duke Bootee),A Winter's Tale
2,Eye of the Tiger,Don't Look Back in Anger
2,I Can't Hold Back,Your Love
2,High on You,Sweet Sixteen
2,Burning Heart,Shout
2,Burning Down The House (45 Version),Sharp Dressed Man
2,Tell It to My Heart,Purple Rain
2,Prove Your Love,Sweet Home Alabama
2,Love Will Lead You Back,Eye of the Tiger
2,Everybody Wants To Rule The World,Welcome To The Jungle
2,Wishing Well,Word Up
2,This Is The Day,Wishing Well
2,Uncertain Smile,Addicted To Love
2,Hold Me Now (Extended Short),Let My Love Open The Door
2,I Think We're Alone Now,Patience
2,Jungle Love,Strong Enough
2,What's Love Got to Do with It,White Wedding
2,Free Fallin',Walk This Way
2,Mickey,Cha Cha Love
2,Rosanna,Call Me
2,Africa,Don't Worry Be Happy
2,"Roxanne, Roxanne",Straight Up
2,Everybody Have Fun Tonight,The Boys Of Summer
2,It's Raining Men,Into The Groove
2,Wake Me up Before You Go-Go,Personal Jesus
2,Here I Go Again 87 - 2017 Remastered Version,The Message
2,I Wanna Dance with Somebody (Who Loves Me),Brass In Pocket - Live
2,So Emotional,Never Tear Us Apart
2,Saving All My Love for You,A Little Respect
2,Situation,More Than This
2,Take On Me,Old
2,Only the Good Die Young,Once In A Lifetime - Live
2,She's Always a Woman,King in a Catholic Style
2,Just the Way You Are,Fast Car
2,Bohemian Rhapsody - Remastered 2011,Paid In Full
2,Another One Bites The Dust - Remastered 2011,True Faith
2,Under Pressure - Remastered 2011,Lovesong
2,We Will Rock You - Remastered,Going Underground
2,Somebody To Love - Remastered 2011,Beds Are Burning
2,Fat Bottomed Girls,She Drives Me Crazy
2,We Are The Champions - Remastered 2011,Smalltown Boy
2,Mandolin Rain,I Got You
2,The End Of The Innocence,Over My Head
2,The Heart Of The Matter,Broken Wings
2,Born to Run,Teardrops
2,The Promise,This Is Mine
2,Barracuda,Baggy Trousers
2,These Dreams,Shake the Disease
2,The Heart Of Rock And Roll,Groovy Train
2,Faithfully,Town Called Malice
2,Wheel in the Sky,Blue Monday
2,Lights,Happy Hour
2,This Is It,Pull Up To The Bumper
2,"I'm Alright (Theme from ""Caddyshack"")",The Breaks
2,I Won't Back Down,It's Different For Girls
2,Take It On the Run - Remastered,Dancing With Myself
2,Mr. Roboto - Live In New Orleans/1983,Being With You
2,Come Sail Away,Amulet
2,Mr. Roboto,Turn the Beat Around
2,After All (Love Theme From Chances Are),All I Do
2,Jump (For My Love),P.Y.T. (Pretty Young Thing)
2,Slow Hand,Stop! In The Name Of Love
2,Leather And Lace - Remastered,Waiting for a Star to Fall
2,Edge of Seventeen - Remastered,Fame
2,I Will Run To You - Remastered,Working My Way Back to You
2,The Boys Of Summer,Our Lips Are Sealed
2,All She Wants To Do Is Dance,I Can't Go For That (No Can Do)
2,More Than This,Rhythm Nation
2,Brass In Pocket - 2006 Remastered Version,Express Yourself
2,Don't Stop 'Til You Get Enough - Single Version,Fantasy
2,Rock with You - Single Version,Baby Don't Forget My Number
2,Billie Jean,Girl You Know It's True
2,The Way You Make Me Feel - 2012 Remaster,I Would Die 4 U
2,Bad - 2012 Remaster,Kill the Kool
2,Thriller,Part-Time Lover
2,Beat It - Single Version,When Smokey Sings
2,Man in the Mirror - 2012 Remaster,A Night To Remember
2,Human Nature,You Can't Hurry Love - Live
2,Always Something There to Remind Me,Burning Down The House
2,Let's Dance (Single Version) [2002 Remastered Version] - Single Version; 2002 Digital Remaster,Theme from S-Express
2,Every Little Thing She Does Is Magic - Remastered 2003,Bernadette
3,FourFiveSeconds,Party Monster
3,Feeling Myself,Livin' It Up
3,Liquor,Wild for the Night
3,Impatient,The One
3,All Eyes On You (feat. Chris Brown & Nicki Minaj),Audemar
3,How We Do Things (feat. Monty),The Party (This Is How We Do It)
3,Antidote,Hungarian Dance No.5 in G Minor
3,Right Hand,Bounce Back
3,m.A.A.d city,Time of Our Lives
3,Bandz A Make Her Dance,Video Chat
3,John Gotti,Aston Martin Music
3,The Night Is Still Young,NaNa
3,Bottoms Up - feat. Nicki Minaj,Mamacita
3,Bad Chick,This Ain't Sex
3,Jumpman,Birthday Bitch
3,Good Life,I Gotta Feeling
3,Hide Away,Stole the Show
3,California (feat. Tdot Illdude),KAE
3,No Type,Ayo
3,Dessert,Birthday Sex
3,White Iverson,Shimmy Shimmy Ya
3,Come Get Her,Late
3,Roses,Porcelain
3,Weekend (feat. Miguel),Good Vibrations
3,Loud,You Don't Know
3,Some Kind Of Drug,Jump Up
3,Ni**as In Paris,Hooray
3,Swish,7/11
3,No Role Modelz,Celebration
3,Batter Up,Yeah 3x
3,Back To Sleep,Loud
3,Jimmy Choo,In Da Club
3,Wavy (feat. Joe Moses),The Next Episode
3,"Ball Like This (feat. Future, Wiz Khalifa & Kid Ink)",Be Faithful
3,6 Foot 7 Foot,Good Life
3,Low Life,Temperature
3,WDYW,Finesse
3,Fade Away,Drop It Like It's Hot
3,Rap God,Bring Em Out
3,Moses,Take Me Away
3,Clique,Mask Off
3,Classic Man - Remix,Ignition - Remix
3,I Guess I'll Smoke (feat. Dizzy Wright & Layzie Bone),Cut Up
3,Black Skinhead,Bartender
3,Uber Everywhere,Birthday
3,Sub Me In,I Love Her
3,No Hands (feat. Roscoe Dash and Wale) - Explicit Album Version,It Girl
3,Roll Up,Say It Right
3,Lifestyle,Good Times
3,Put On,Better When I'm Dancin'
3,Kings & Queens (Throw It Up),Bust A Move
3,Never Forget You,Play That Funky Music
3,Studio,Nicotine
3,Xanny Family,Cheap Thrills
3,Astronaut (feat. Jspec),Paper Planes
3,Famous,Ms. Jackson
3,Headlines,Don't Stop
3,DnF,Hips Don't Lie
3,Saved (feat. E-40),Can't Stop the Feeling
3,Panda,Sugar (feat. Wynter)
3,Middle,Locked Out Of Heaven
3,Say Aah - feat. Fabolous,Party Rock Anthem
3,One Dance,Toys
3,Needed Me,Stayin' Alive
3,Dangerous Woman,We Found Love
3,2 Phones,Beautiful People
3,Wicked,Roses
3,Milly Rock,Believer
3,Don't Let Me Down,Walking on Sunshine
3,L$D,Mercy
3,Too Good,Sweet Dreams (Are Made of This)
3,Look Alive,You Make My Dreams
3,All Night,Hey You
3,Girls Chase Boys,A Winter's Tale
3,Starships,Down The Line
3,Summer,Galway Girl
3,Bridges,Somebody Told Me
3,Broccoli (feat. Lil Yachty),Mr. Brightside
3,Money Longer,Viva La Vida
3,Traphouse,No Limit
3,Bad Mother F*cker,Hot N Cold
3,Alpha Omega,Sexy And I Know It
3,All Night Long,Sweet Child O' Mine
3,I'm Ready,Rolling in the Deep
3,Classic,Footloose
3,Without You (feat. Usher) - feat. Usher,London Bridge
3,Rather Be (feat. Jess Glynne),Hold On
3,IV. sweatpants,Shape of You
3,Two Weeks,You Shook Me All Night Long
3,Really Really,ABC
3,Time For That,Genie in a Bottle
3,Jordan Belfort,Just Dance
3,Flexicution,Call Me Maybe
3,Minnesota,Treasure
3,Blasé (feat. Future & Rae Sremmurd),Into You
3,Super Bass,Castle
3,Sweet Serenade,I Will Survive
3,Run It!,Dancing Queen
3,Low (feat T-Pain) - Feat T-Pain Album Version,All About That Bass
3,Beautiful Girls,Memories - Extended
3,Beautiful,Waka Waka (This Time for Africa) - K-Mix
3,New Flame,Don't Stop The Music
3,Teenage Dream,Grenade
3,Dog Days Are Over,Roar
3,Body Language - featuring T-Pain,Girls Just Want to Have Fun
3,We Can't Stop,Señorita
3,Kylie Jenner (feat. Elwood),Rock DJ
3,"All of Me (feat. Logic, ROZES)",Te Vas
3,Go Flex,24K Magic
3,Forbes,Price Tag
3,Sour Patch Kids,Limits
3,Super Rich Kids,TiK ToK
3,House Party,Boom Boom Pow
3,Tiimmy Turner,Pump It
3,Closer,Let's Get Retarded
3,Bad Intentions,Single Ladies (Put a Ring on It)
3,Black Beatles,Crazy In Love
3,Starving,On The Floor
3,Love Lockdown,Dynamite
3,Caroline,Break Your Heart
3,OOOUUU,Moves Like Jagger - Remix
3,Bacon,Lips Not Listening
3,X (feat. Future),Super Bass
3,Losin Control,Teenage Dream
3,Sex With Me,Shake It Off
3,Ballerina,Livin' la Vida Loca
3,DEVASTATED,Can't Stop
3,Don't You Worry Child (Radio Edit) [feat. John Martin],Get The Party Started
3,The Greatest,Radioactive
3,Do You Mind,Gangnam Style (강남스타일)
3,Bad Things (with Camila Cabello),Baby
3,E.T. - feat. Kanye West,It's My Life
3,through the late night,One More Time
3,Love Somebody,Sweet Home Alabama
3,Champagne and Pools (feat. Blackbear & Kyle),Hotel California
3,Too Easy,Bring It To Jesus
3,Chill Bill,Magic Dance
3,HeadBand (feat. 2 Chainz),I Wanna Dance With Somebody - Who Loves Me
3,Make Me (Cry),Mama
3,Fake Love,Hit Me With Your Best Shot
3,Sexy Bitch (feat. Akon) - feat. Akon,Ben
3,Latch,We Will Rock You
3,Party Monster,Thriller
3,Bounce Back,Earthquake
3,The Motto,Domino
3,Nikki,Hot In Herre
3,Bad and Boujee (feat. Lil Uzi Vert),Can't Feel My Face
3,Swang,my boy
3,T'd Up,All For You
3,Spaceships,Electric Feel
3,Uber,Africa
3,PRBLMS,Heathens
3,beibs in the trap,Toxic
3,Real Chill,Superstition
3,No Heart,September
3,T-Shirt,I'm So Excited
3,Try It,I Wanna Hold Your Hand
3,Nympho,Somewhere Over the Rainbow
3,Norf Norf,Runaway (U & I)
3,Wanderlust,Work
3,Always,Kiss
3,Moves,SOS
3,iSpy (feat. Lil Yachty),Poker Face
3,Gassed Up,Toxic
3,Fibonacci,Oops!...I Did It Again
3,I Need,Bad Romance
3,Rocketeer,Like A Prayer
3,Congratulations,Dark Horse
3,No Beer,Umbrella
3,Fuck You,Grenade
3,Turn Up the Music,Dancing On My Own
3,Kiss Kiss,Blow
3,The Show Goes On,Don't Speak
3,That's What I Like,Vogue
3,Living Single,Tainted Love
3,Reasons,A Human Body
3,Yamborghini High,One
3,I Feel It Coming,Where Is the Love?
3,Shining,Empire State Of Mind
3,Location,"New York, New York"
3,Get Your Shine On,Purple Rain
3,Angels (feat. Saba),Lucille
3,Jump,Cry Me a River
3,Tunnel Vision,Just the Way You Are
3,Rolex,Paris
3,foreign,Firework
3,No Limit,Partition
3,Check,SexyBack
3,Free Smoke,Love Somebody
3,Forever,Hotline Bling
3,No Frauds,Party In The U.S.A.
3,"Go Off (with Lil Uzi Vert, Quavo & Travis Scott)",Stronger
3,Cute,Chandelier
3,lose,Uptown Girl
3,Misunderstood,Respect
3,HUMBLE.,Poker Face
3,DNA.,Better Left Unsaid
3,Party,Blow
3,Bang Bang,"Sugar, We're Goin Down"
3,Swalla (feat. Nicki Minaj & Ty Dolla $ign),Shot At The Night
3,XO TOUR Llif3,Killing Me Softly
3,Die Trying,Piano Man
3,Really? Yeah!,Alone
3,Drowning (feat. Kodak Black),Airplanes
3,I'm the One,What Makes You Beautiful
3,Malibu,Budapest
3,Good Life (with G-Eazy & Kehlani),She Will Be Loved - Demo
3,Bad Bitch (feat. Ty Dolla $ign),Drank That
3,Schemin Up (feat. Drake and P. Reign),My Humps
3,Ballin,Mambo Mambo
3,Show Off,Macarena
3,Rainbow,Tubthumping
3,Magnolia,Red Red Wine
3,Harley,Umbrella
3,Get Right Witcha,The Greatest
3,Love Galore,(I Can’t Get No) Satisfaction
3,Prom,Sidewalks
3,Made Of Glass,Bb
3,Poor Fool,Pumped Up Kicks
3,goosebumps,Lit Thot
3,Signs,Wrecking Ball
3,Butterfly Effect,Hello
3,Body Like A Back Road,Halo
3,Don't Quit,Can't Feel My Face
3,Tone it Down (feat. Chris Brown),What's Up?
3,Woah Kemosabe,Seven Nation Army
3,Young Dumb & Broke REMIX,Problem
3,Classic (feat. POWERS),Wonderwall
3,Strip That Down,I'm Yours
3,Dan Bilzerian,Lose Yourself
3,4 AM,Black or White
3,Notification,rockstar
3,Vibin In This Bih,Walk This Way
3,Big Fish,I Want You Back
3,No Flockin,Love Yourself
3,Trap Paris (feat. Quavo & Ty Dolla $ign),Feel It Still
3,RAF,Shut Up
3,pick up the phone,XO TOUR Llif3
3,Yeah Right,What Do You Mean?
3,Homegirl,I Feel It Coming
4,Crackerman,Smells Like Teen Spirit
4,Where The River Goes,Under The Bridge
4,Don't You,Dani California
4,Change,Even Flow
4,You,Black Hole Sun
4,No Sense,Hunger Strike
4,Far Behind,Man in the Box
4,Blossom,Jeremy
4,Arrow,Lithium
4,Rain,Come As You Are
4,Mothers Dream,Rooster
4,Cover Me,The Pretender
4,He Calls Home,Learn to Fly
4,Them Bones,Scar Tissue
4,Hunger Strike,Californication
4,Man in the Box,All Apologies
4,Rooster,Killing In The Name
4,I Stay Away,Bulls On Parade
4,The Kids Aren't Alright,My Own Worst Enemy
4,Time to Relax,Stacy's Mom
4,Nitro (Youth Energy),One Step Closer
4,Bad Habit,In The End
4,Gotta Get Away,Numb
4,Genocide,Fall To Pieces
4,Something to Believe In,The Race
4,Come Out And Play (Keep ‘Em Separated),I Miss You
4,Self Esteem,All the Small Things
4,It'll Be a Long Time,Dirty Little Secret
4,Killboy Powerhead,"Swing, Swing"
4,What Happened to You?,Boulevard Of Broken Dreams
4,So Alone,American Idiot
4,Not the One,Basket Case
4,Smash,When I Come Around
4,Longview,Last Resort
4,Welcome to Paradise,Bring Me To Life
4,She,Complicated
4,When I Come Around,Misery Business
4,Head Like A Hole,Are You Gonna Be My Girl
4,Terrible Lie,Good Riddance (Time of Your Life)
4,Down In It,Use Somebody
4,Sanctified,Viva La Vida
4,Something I Can Never Have,Yellow
4,Kinda I Want To,Mr. Brightside
4,Sin,The Middle
4,That's What I Get,"You're Gonna Go Far, Kid"
4,The Only Time,The Kids Aren't Alright
4,Ringfinger,Pretty Fly (For A White Guy)
4,"Get Down, Make Love",Love Is Pain
4,Burn - From The Crow OST,The Boys Are Back In Town
4,Golgotha Tenement Blues,Livin' On A Prayer
4,The World I Know,You Give Love A Bad Name
4,December,Welcome To The Jungle
4,Where The River Flows,Sweet Child O' Mine
4,Shine,Paranoid
4,Good,Iron Man
4,Desperately Wanting,Pour Some Sugar on Me
4,Hey Jealousy,Don't Stop Believin'
4,Until I Fall Away,A Winter's Tale
4,Found Out About You,We Will Rock You
4,Allison Road,A Human Body
4,Follow You Down,Smoke On the Water
4,Fall Down,Free Bird
4,Good Intentions,Sweet Home Alabama
4,Walk On The Ocean,American Pie
4,Creep,Maybe I'm Amazed
4,Spin Spin Sugar,Hotel California
4,The Freshmen,Take It Easy
4,Inside Out,Do You Know
4,Lump,Rhiannon
4,Boll Weevil,Landslide
4,Peaches,Lola
4,Flagpole Sitta,"On ""Wild Horses"""
4,Spiderwebs,Sympathy For The Devil
4,Excuse Me Mr.,(I Can’t Get No) Satisfaction
4,Just A Girl,A Day In The Life - Remix
4,Happy Now?,Lucille
4,Different People,Misery
4,Hey You,Lucille
4,The Climb,Lucille
4,Sixteen,Strawberry Fields Forever - Take 7
4,Sunday Morning,Misery
4,Don't Speak,Twist and Shout
4,You Can Do It,Lucille
4,World Go 'Round,Ebenezer
4,End It On This,Bring It To Jesus
4,Tragic Kingdom,Ebenezer
4,Breakfast At Tiffany's,Ebenezer
4,Two Princes,Bring It To Jesus
4,Little Miss Can't Be Wrong,Brown Eyed Girl
4,Mmm Mmm Mmm Mmm,This Is The One
4,Brian Wilson - Live,Maggie May
4,Straw Hat And Old Dirty Hank - Live,Piano Man
4,Break Your Heart - Live,I Want You to Want Me
4,Jane - Live,Dream On
4,When I Fall - Live,Hallelujah
4,Hello City - Live,With Or Without You
4,What A Good Boy - Live,One
4,The Old Apartment - Live,Like A Rolling Stone
4,"Life, In A Nutshell - Live",Blowin' in the Wind
4,These Apples - Live,The Times They Are A Changin'
4,"If I Had $1,000,000 - Live",Wish You Were Here
4,If You Could Only See,Comfortably Numb
4,Counting Blue Cars (Tell Me Your Thoughts On God),"Another Brick in the Wall, Pt. 2"
4,Iris,Besame Mucho
4,Slide,Paint It Black
4,Real World,Highway to Hell
4,Long Day,Back in Black
4,3AM,Thunderstruck
4,Push,Smells Like Teen Spirit
4,Girl Like That,Under The Bridge
4,Back 2 Good,Closer
4,Hey Leonardo (She Likes Me for Me),Hurt
4,I Believe,Crazy Train
4,Roll To Me,Billie Jean
4,Misery,Thriller
4,Somebody to Shove,Ben
4,Black Gold,Like A Prayer
4,Runaway Train,...Baby One More Time
4,Keep It Up,Genie in a Bottle
4,Homesick,No Scrubs
4,Get on Out,Waterfalls
4,New World,My Own Prison
4,April Fool,With Arms Wide Open
4,Without a Trace,Higher
4,Growing Into You,One Headlight
4,The Sun Maid,6th Avenue Heartache
4,Losing My Religion,Three Marlenas
4,It's the End of the World As We Know It (And I Feel Fine),One
4,Drive,Enter Sandman
4,Try Not To Breathe,Master Of Puppets
4,Man On The Moon,Get Me Gone
4,Nightswimming,In The End
4,Orange Crush - Remastered,Losing My Religion
4,Hollywood,Strange
4,Salvation,Everybody Hurts
4,When You're Gone,Walking on Sunshine
4,Free To Decide,I Will Always Love You
4,Warchild,Girls Just Wanna Have Fun
4,Forever Yellow Skies,Time After Time
4,The Rebels,Sweet Dreams (Are Made of This)
4,I Just Shot John Lennon,Take On Me
4,Electric Blue,Once
4,I'm Still Remembering,Run to the Hills - Live
4,Will You Remember?,Hallowed Be Thy Name - Live '01
4,Joe,Digg It
4,Bosnia,A Winter's Tale
4,Ode To My Family,Horse With No Name
4,I Can't Be With You,London Calling
4,Twenty One,Should I Stay or Should I Go - Live
4,Zombie,Tainted Love
4,Empty,Barbie Girl
4,Everything I Said,Mama
4,The Icicle Melts,Everybody (Backstreet's Back) - Radio Edit
4,Disappointment,MMMBop
4,Ridiculous Thoughts,As Long as You Love Me
4,Dreaming My Dreams,Livin' la Vida Loca
4,Yeats' Grave,All Star
4,Daffodil Lament,Ice Ice Baby
4,No Need To Argue,Gangsta's Paradise
4,Dreams,Californication
4,Linger,Lose Yourself
4,Stupid Girl,Without Me
4,Only Happy When It Rains,Stan
4,Mother Mother,In Da Club
4,Angry Johnny,Gravity
4,No Rain,The Scientist
4,One Headlight,Drops of Jupiter
4,Black Hole Sun,Take Me Out
4,Loser,Seven Nation Army
4,Glycerine - Remastered,Feel Good Inc
4,1979,Chasing Cars
4,Bullet With Butterfly Wings,You're Beautiful
4,"Tonight, Tonight",Low
4,Cherub Rock,Omega
4,Zero,Say It Right
4,Disarm,Hustle Man
4,Today,Hot N Cold
4,Thirty-Three,Love Story
4,Tomorrow - Remastered,Halo
4,Pretty Fly (For A White Guy),Shut Up and Let Me Go
4,Everlong,Need You Now
4,Nearly Lost You,"Hey, Soul Sister"
4,All I Want,Just the Way You Are
4,Fell On Black Days,Teenage Dream
4,Rusty Cage,Born This Way
4,Would?,Rolling in the Deep
4,Jeremy,Make Me Happy
4,Even Flow,Camera One
4,Alive,Purple of the Sea
4,Mr. Self Destruct,Life With You
4,Piggy,I Told Em
4,Heresy,Year 3000
4,March Of The Pigs,Weak
4,Closer,SOS
4,Ruiner,Lovebug
4,The Becoming,Vindicated
4,I Do Not Want This,Shake It
4,Big Man With A Gun,Nine In The Afternoon
4,A Warm Place,Misery
4,Eraser,Teenagers
4,Reptile,Miss Murder
4,The Downward Spiral,Welcome to the Black Parade
4,Hurt,Smooth Criminal
4,Hello - Remastered,Stupid Girls
4,Roll with It - Remastered,Bleed It Out
4,Wonderwall - Remastered,Untouched
4,Don't Look Back in Anger - Remastered,Dirty Little Secret
4,Hey Now - Remastered,Hey There Delilah
4,Some Might Say - Remastered,See You Again
4,Cast No Shadow - Remastered,Burnin' Up
4,She's Electric - Remastered,Halo
4,Morning Glory - Remastered,100 Years
4,Champagne Supernova - Remastered,Strays
4,Broken Hearted Savior,Buttons
4,Sister Sweetly,Push
4,Turn The Light Out,Beverly Hills
4,Tomorrow Never Comes,Blue [Da Ba Dee]
4,It's Alright,Oriunde Ai Fi
4,Groove Thing,Clocks
4,Soul For Every Cowbooy,Sk8er Boi
4,Ellis Island,Just A Girl
4,Bittersweet,Bring Me To Life
4,Circle,Follow Me
4,Brother John,Someday
4,Selling The Drama,Feel Good Inc
4,I Alone,Don't Speak
4,Lightning Crashes,Unwritten
4,All Over You,Grindin
4,Name,Saturday Night's Alright (For Fighting)
4,Feed the Tree,When You Say Nothing At All - Live
4,Cannonball,In My Place
4,Machinehead - Remastered,The Zephyr Song
4,Swallowed - Remastered,By The Way
4,Open Up Your Eyes,Yellow
4,Sabotage,Clocks
4,Intergalactic - Digitally Remastered 2005,Smooth
4,"Hey Man, Nice Shot - Remastered Version",I Will Always Love You
4,One Of Us,Hero
4,Ballad Of Peter Pumpkinhead - 2001 - Remaster,When I'm Gone
4,Dear God - 2001 - Remaster,Wonderwall
5,Run Free,Never Too Late
5,The Death Of Me,Innocence
5,SECOND & SEBRING,Nightmare
5,Would You Still Be There,November Rain
5,Hail to the King,Broken
5,Do It Now Remember It Later,My Hero
5,"If I'm James Dean, You're Audrey Hepburn",Here
5,If You Can't Hang,The Reason
5,Caraphernelia,Knights Of Cydonia
5,I Don't Wanna Be In Love (Dance Floor Anthem),Livin' On A Prayer
5,The Final Episode (Let's Change Channel),My Immortal
5,Perfect Weapon,Hand Of Blood
5,In The End,Burn
5,Welcome To My Life,I'm with You
5,Stay Away From My Friends,Just Like You
5,The New National Anthem,Chasing Cars
5,Stained Glass Eyes And Colorful Tears,Apologize
5,Hold On Till May,It Will Rain
5,Fallen Angels,Sweet Child O' Mine
5,Wonderless,Don't Stop Believin'
5,A Match Into Water,the lonely
5,Bulls In The Bronx,Iris
5,Let Me Go,Click Click Boom
5,Knives and Pens,The Sound Of Silence
5,When You Can't Sleep At Night,Carry on Wayward Son
5,This War Is Ours,The Kids Aren't Alright
5,The Victim,Crush
5,The Abandoned,Ain't No Rest For The Wicked - Live
5,The Deceived,Animal I Have Become
5,You're Not Alone,Crawling
5,Feels Like Forever,Mockingbird
5,A Prophecy,Enter Sandman
5,Another Bottle Down - Tomba Remix,Smells Like Teen Spirit
5,Reckless & Relentless,Somebody That I Used To Know
5,Until The End - feat. Howard Jones,Radioactive
5,Killing You,Kiss From A Rose
5,Not The American Average,Painkiller
5,No Ordinary Love,So Far Away
5,Angel with a shotgun,Boulevard Of Broken Dreams
5,For You - Explicit LP Version,Love The Way You Lie
5,Time of Dying,Away From The Sun
5,What I Believe,Hysteria
5,Fire And Fury,Wish You Were Here
5,Everything Goes Black - Bonus Track,Zombie
5,Lost in You,American Idiot
5,Why,Decode
5,Terrible Things,Bat Out of Hell
5,Salvation,Teenage Dirtbag
5,Whataya Want from Me,Psychosocial
5,Pain,Drops of Jupiter
5,I Hate Everything About You,Tears Don't Fall
5,Riot,Stairway To Heaven
5,Afterimage,Rock You Like A Hurricane
5,Wake Me Up When September Ends,Paradise City
5,"Boulevard Of Broken Dreams - feat. John Gallagher Jr., Rebecca Naomi Jones, Stark Sands, Company [Album Version]",Pour Some Sugar on Me
5,Bring Me To Life,Smokin' In The Boys Room
5,Everybody's Fool,Through Glass
5,Going Under,My Immortal
5,My Immortal,The One That Got Away
5,Haunted,Hemorrhage (In My Hands)
5,Imaginary,Ong Ong
5,Taking Over Me,Wherever You Will Go
5,Hello,Left
5,My Last Breath,Bring Me To Life
5,Whisper,Back in Black
5,Call Me When You're Sober,Monster
5,Weight Of The World,All Summer Long
5,Lithium,Eye of the Tiger
5,Cloud Nine,Thunderstruck
5,Snow White Queen,Wasting My Time
5,Lacrymosa,Highway to Hell
5,Like You,The Pretender
5,Lose Control,House Of Broken Love
5,The Only One,7 Years
5,Your Star,Sharp Dressed Man
5,All That I Am Living For,Low Life
5,Good Enough,Given Up
5,Here Without You,Walk This Way
5,Not Strong Enough,Stay With Me
5,Until It's Gone,Scar Tissue
5,Rebellion (feat. Daron Malakian),Drive
5,I'd Do Anything,Right Now
5,Broken Glass,The Hurt & The Healer
5,Misery Loves My Company,Sk8er Boi
5,Home,Jesus Of Suburbia
5,Sandpaper,"Mama, I'm Coming Home"
5,Lights Go Out,Brother
5,Final Masquerade,Whole Lotta Love
5,Scars,My Own Prison
5,War Is The Answer,Call Me When You're Sober
5,Good Girls Bad Guys,Worn
5,Painkiller,Crazy Train
5,Exit Wounds,How You Remind Me - LP Mix
5,Scarred,Killing In The Name
5,I'll See You Someday,All The Small Things
5,Everybody's Fool,Every Rose Has It's Thorn
5,Lithium,Time Is Running Out
5,Tourniquet,Battery
5,What You Want,Rolling in the Deep
5,Made Of Stone,A Human Body
5,The Change,Dust In The Wind
5,My Heart Is Broken,One
5,The Other Side,In The End
5,Erase This,Viva La Vida
5,Lost In Paradise,Call Me
5,Sick,Wish I Had An Angel
5,The End Of The Dream,Misery Business
5,Oceans,Dear God
5,Never Go Back,Vertigo
5,Swimming Home,Killing Loneliness
5,DNA,Black Hole Sun
5,Without Walls,Come As You Are
5,You Only Live Once,Are You Gonna Be My Girl
5,We Stitch These Wounds,Float On
5,The Legacy,Hypnotize
5,Situations,Helena
5,Not Good Enough For Truth In Cliche',Pain
5,Until We Die,Back To Black
5,Forget About Me,I Miss You
5,The Drug In Me Is You,Love Will Tear Us Apart
5,Calling,With Arms Wide Open
5,Losing You,Fade to Black
5,What Can I Say,Supermassive Black Hole
5,Promise Me,She Will Be Loved - Demo
5,With Arms Wide Open,Breathe (2 AM)
5,King For A Day,Don't Cry
5,Déjà Vu,Kings and Queens
5,Within My Heart,Best Day Of My Life
5,Beautiful Nightmare,Bleed It Out
5,Empathy,Hallelujah
5,Done With Broken Hearts,Jeremy
5,As A Butterfly,Everybody's Changing
5,Falling Behind,Tainted Love
5,In My Arms,Let It Die
5,One Man Wolfpack,The Final Countdown
5,I'm Just A Kid,The Kill (Bury Me)
5,Zombie,Love Story
5,Stand In The Rain,Wonderwall
5,Lead Me Out of the Dark,E.T.
5,What I've Done,Behind Blue Eyes
5,Bleed It Out,Breakeven
5,Undead,R U Mine?
5,Everywhere I Go,When It's Time
5,No. 5,Stan
5,Perfect,The Ballad Of Mona Lisa
5,ハロウィーン・タウンへようこそ,Layla
5,サンディー・クローズを誘拐しろ,Sweet Dreams (Are Made Of This)
5,This Is The New Shit,Miserable At Best
5,The Beautiful People,All I Want
5,Sweet Dreams (Are Made Of This),When You're Gone
5,Fuck Everything,Whisper
5,Wake Up,You Give Love A Bad Name
5,No Pity for a Coward,I Caught Fire
5,Slaves to Substance,Poker Face
5,BURN IT DOWN,Angels
5,Given Up,Patience
5,Reincarnate,Stressed Out
5,Devil's Night,Before He Cheats
5,America,Hotel California
5,Abigail,Counting Stars
5,Take The Bullets Away (feat. Lacey Sturm),Unwell
5,All Around Me,When I'm Gone
5,Far Away,Straight to Hell
5,Lion,I Want It That Way
5,1000hp,"Take Me Home, Country Roads"
5,"Oh Well, Oh Well",Since U Been Gone
5,You're Dead Wrong,Fear Of The Dark - Live
5,Stay,Uprising
5,Ghosts,When You Were Young
5,"Sorry, Not Sorry",Dream On
5,Angels,Once
5,Worth A Thousand Words,Reach Out I'll Be There
5,Bullet,Highway Star
5,Keys To The Kingdom,Wrecking Ball
5,Miserable At Best,Heaven Is A Place On Earth
5,Guilty All The Same (feat. Rakim),Voodoo
5,Cinema - Skrillex Remix,Numb
5,Summit (feat. Ellie Goulding) - feat. Ellie Goulding,Slow Hands
5,Bruised And Scarred,"Sugar, We're Goin Down"
5,I'd Hate To Be You When People Find Out What This Song Is About,Can't Fight This Feeling
5,Kill EVERYBODY - Bare Noize Remix,Anything but Ordinary
5,Scary Monsters And Nice Sprites,Hate Me
5,Bangarang (feat. Sirah),Try
5,Nobody's Hero,Little Talks
5,Dubstep,Coin-Operated Boy
5,Boom Bass - Dubstep Mix,Master Of Puppets
5,Dead Man,Mr. Brightside
5,Strike Back,The Night We Met
5,Moving On,This Love
5,Headstrong,Gives You Hell
5,Broken - Featuring Amy Lee,Brick By Boring Brick
5,Fake It,Plush
5,Words As Weapons,Electric
5,I Will Not Bow,About A Girl
5,I'm So Sick,Californication
5,Breathe Today,Iron Man
5,Wrong Side Of Heaven,Detroit Rock City
5,Fashionably Late,Eye In The Sky
5,Bad Girls Club,Feel My Love
5,Heart Of Fire,Centuries
5,Love Isn't Always Fair,Won't Get Fooled Again
5,Saviour,Lights
5,Beautiful Remains,ocean eyes
5,Heaven's Calling,Nobody's Home
5,All Your Hate,It's Time
5,Even If I Could,What I've Done
5,Last Resort,Shut Up and Dance
5,Down With the Sickness,Come On Eileen
5,Bodies,Don't Look Back in Anger
5,Paralyzer,Sweet Home Alabama
5,I'm Not Okay (I Promise),Take Me To Church
5,Famous Last Words,Have You Ever Seen The Rain?
5,The Night,Free Fallin'
5,The Diary of Jane,Under The Bridge
5,So Cold - Remix,Brown Eyed Girl
5,What Lies Beneath,Born to Be Wild
5,Blow Me Away - Featuring Valora,Welcome To The Jungle
5,Resurrect The Sun,Should I Stay or Should I Go - Live
5,The Hanging Tree,Spirit In The Sky
5,The Hanging Tree - Rebel Remix,Renegades
5,Get Away With Murder,Holy Diver
5,Beauty Killer,Voices
5,Lollipop Luxury [feat. Nicki Minaj],It´s a Long Way to the Top
5,Get Physical,Cherry Bomb
5,Bohemian Rhapsody - Remastered 2011,Lucille
5,We're Takin' over! (feat. Deuce),Waiting For A Girl Like You
5,Poison Apple (feat. Jeffree Star),Don't Try So Hard
5,The Last Dance,Yellow
5,Candyland,Wind of Change
5,Bewitched (Unplugged) [feat. Haley Rose],It's My Life
5,I Don't Care,All Star
5,Mad World,More Than Words
5,Angel With A Shotgun,Clocks
5,Lock Me Up,Eye of the Tiger
5,It's Over When It's Over,Africa
5,Game Over,The Sounds Of Silence
5,Alone,Light My Fire
5,Earned It (Fifty Shades Of Grey),Sultans Of Swing
5,Can't Feel My Face,Refugee
5,Love Me Harder,Paint It Black
6,Cool for the Summer,Shape of You
6,Cool for the Summer,Roar
6,Trap Queen,What Do You Mean?
6,Where Are Ü Now (with Justin Bieber),YOUTH
6,Cheerleader - Felix Jaehn Remix Radio Edit,Chandelier
6,Want to Want Me,Sorry
6,Bitch Better Have My Money,Cake By The Ocean
6,Sugar,Gold
6,Love On Top,Another Love
6,Budapest,It's My Life
6,A Sky Full of Stars - Robin Schulz Edit,Hide Away
6,Dance with Me Tonight,Let It Go
6,POWER,Elastic Heart
6,This Summer,Starboy
6,Waiting For Love,"Sit Still, Look Pretty"
6,Talking Body,One Call Away
6,Levels,Hello
6,My Way (feat. Monty),Lush Life
6,What Do You Mean?,Same Old Love
6,How Will I Know,Cool for the Summer
6,I'm Coming Out,Renegades
6,You're Never Fully Dressed Without a Smile (2014 Film Version),Wildest Dreams
6,Mr. Brightside,Jump Up
6,Maneater - Remastered,Cheap Thrills
6,Breakin' Dishes,Faded
6,Let's Groove,Heaven
6,Come On Eileen,Stitches
6,Dancing In The Dark,Confident
6,Switch,Hotline Bling
6,Lose Yourself - Soundtrack Version,All About That Bass
6,Shake,Havana
6,Stronger,Attention
6,God's Not Dead (Like a Lion),Boom Clap
6,Soul On Fire (feat. All Sons & Daughters),Scars To Your Beautiful
6,All I Do Is Win,Through With You
6,Rain Is a Good Thing,New Rules
6,Not Afraid,Don't You Worry Child
6,Shake That,Firework
6,Mess Is Mine,Rolling in the Deep
6,Somebody Like You,Counting Stars
6,Greater,Sugar
6,Speak Life,Shake It Off
6,Neon Light,美女と野獣
6,The Fighter - feat. Ryan Tedder,Grenade
6,S.O.B.,Viva La Vida
6,Raging Fire,Timber
6,I Lived,Locked Out Of Heaven
6,Anything Goes,Can't Feel My Face
6,My Body,Lost - Live
6,Good Life,Blurred Lines
6,Ghost,Royals
6,Who Gon Stop Me,Radioactive
6,Nobody Love,Get Lucky
6,Mr. Saxobeat - Radio Edit,Call Me Maybe
6,Stitches,Love Yourself
6,Omen - Radio Edit,PILLOWTALK
6,Started From the Bottom,Just Dance
6,Shake It Out,TiK ToK
6,"Downtown (feat. Melle Mel, Grandmaster Caz, Kool Moe Dee & Eric Nally)",I Knew You Were Trouble.
6,"Bitch, Don’t Kill My Vibe",I Ain’t Dead Yet
6,We Own The Night - The Chainsmokers Edit,Stay With Me
6,No Diggity,Wrecking Ball
6,Watch Me (Whip / Nae Nae),Shame On Me
6,Jealous - Remix,Somebody That I Used To Know
6,Not Ready to Make Nice,Dancing On My Own
6,Want to Want Me,Latch
6,Backpack,Thinkin Bout You
6,So What,Wings
6,Take Me To Church,Some Nights
6,You & I (Nobody in the World) - R3hab Remix - Radio Edit,When We Were Young
6,Black Widow,Lick
6,Shut Up And Drive,Honda
6,679 (feat. Remy Boyz),Let It Rain
6,Heads Will Roll - A-Trak Remix Radio Edit,Begging
6,Maneater,Just One Day
6,Pony,You & Me
6,Ignition - Remix,Take Me Home
6,Let Me Blow Ya Mind,等等
6,Bring Em Out,Make It Nasty
6,A Milli,As You Are
6,Golden (feat. Sia),Melting
6,Boyfriend,In The Night
6,The Show Goes On,Fallin' Up
6,Still D.R.E.,Bad Together
6,Kiss Kiss,My Shining Star
6,Famous Last Words,Hands On Me
6,Original Prankster,Carolina
6,Imma Be,Don't Wanna Think
6,Holy Grail,Childs Play
6,Bad Ass,Midas Touch
6,Love The Way You Lie,Make a Move
6,No Hands (feat. Roscoe Dash and Wale) - Explicit Album Version,OMG
6,Pour It Up,Only You
6,Toxic,No One
6,Hollaback Girl,Good For You
6,Don't Tell 'Em,Glory And Gore
6,The Motto,Demons
6,Bandz A Make Her Dance,...Ready For It?
6,She Knows,Try Again
6,Headlines,Streamline
6,Can't Remember to Forget You,Wolves
6,Russian Roulette,Yesterday
6,The One,Veni Vidi Vici
6,Fancy,Chasing Cars
6,FourFiveSeconds,Strong
6,Viva La Vida,Some Type Of Love
6,Radar,Time After Time
6,Touch The Sky,Skyfall
6,Int'l Players Anthem (I Choose You),Sun Goes Up
6,All Of The Lights - (Remix),Fado Curvo
6,Green Light,Diva
6,I Write Sins Not Tragedies,Havana
6,Disturbia,Call Your Girlfriend
6,That's My Kind Of Night,Real Love
6,Beautiful Liar - Main Version / Album Version,LaserLight
6,Me And My Broken Heart,Work from Home
6,FU,Lost Boy
6,human,Teenage Dream
6,Little Lion Man,Dust Clears
6,Monster,Alone
6,Broken Crown,The Wave
6,Thistle & Weeds,Praying
6,Stars,Dark Horse
6,Where Are Ü Now,Brave
6,Chains,Most Girls
6,Hotline Bling,Fancy
6,Bounce It,Jump Up
6,Beware,Heart Attack
6,Duffle Bag Boy,Shower
6,Love Me,Close Your Eyes
6,Forever,I Will Always Love You
6,Pour It Up,Loose
6,Cabaret,Kiss the Sky
6,TKO,my boy
6,Take Back the Night,Snus
6,Dark Horse,Malibu
6,Roar,Señorita
6,Story of My Life,Drunk in Love
6,XO,Love Story
6,Beautiful Liar - Freemasons Remix Edit,Fireflies
6,Black Skinhead,ave maria
6,Burn,Last Dance
6,Anything Could Happen,Big Lie
6,Applause,Same Old Love
6,The Edge Of Glory - Foster The People Remix,Secret
6,Born This Way - DJ White Shadow Remix,Two Ghosts
6,Bad Romance - Grum Remix,Good As Hell
6,Poker Face - Space Cowboy Remix,Magic
6,Dog Days Are Over,Carolina
6,Gorilla (feat. R Kelly And Pharrell) - G-Mix,Please
6,Young Girls,Sometimes
6,Let's Go,Homesick
6,Clap Your Hands,Bored
6,Titanium (feat. Sia) - feat. Sia,Boom Da Boom
6,A Thousand Years,Planeten
6,A Thousand Miles (feat. Alex Goot),Bah
6,Princess of China,dimple
6,Next To Me,my boy
6,Don't Stop Me Now - Remastered,Blackbird
6,Lose Yourself to Dance,Lost On You
6,1979,Don't Stop
6,Babel,Tell Him
6,Whispers In The Dark,Wildest Dreams
6,I Will Wait,Home
6,Holland Road,Someone Like You
6,Ghosts That We Knew,Los Momentos
6,Lover Of The Light,Ho Hey
6,Lovers' Eyes,Broken Hearted Girl
6,Reminder,Tail of Prisma
6,Hopeless Wanderer,Get Up
6,Broken Crown,Sweet Child O' Mine
6,Below My Feet,Summer Of '69
6,Not With Haste,Back To Black
6,For Those Below,Torn
6,Where Are You Now,Give Your Heart A Break
6,"Get Low - feat. Nicki Minaj, Tyga & Flo Rida",Water Under the Bridge
6,Too Close,Livin' On A Prayer
6,Everybody Talks,Beautiful Day
6,Animal,When You're Gone
6,Wild Ones (feat. Sia),Varying Rain
6,Raise Your Glass,Don't Look Back in Anger
6,Stronger (What Doesn't Kill You),Hero
6,Catch My Breath - Cash Cash Remix,Carry On
6,Don't Stop Believin',I Wanna Dance With Somebody - Who Loves Me
6,Footloose,Party In The U.S.A.
6,Toxicity,All of Me
6,We Got The Beat,SexyBack
6,On The Floor,Teenage Dream
6,Only Girl (In The World),Smooth
6,We Are The Champions - Remastered 2011,Take Me To Church
6,Chariots Of Fire,Umbrella
6,Fanfare for the Common Man,Nicotine
6,Battle Scars,How to Save a Life
6,Battlefield,Broken Strings
6,The Sweet Escape - Konvict Remix,Give Me Everything
6,I Ran (So Far Away),Going Under
6,Whip My Hair,Set Fire to the Rain
6,You Make My Dreams - Remastered,Hello
6,We Can't Stop,Headfucker
6,Love Money Party,Bored
6,Do My Thang,POWER
6,Bang Bang,Feel It Still
6,All About That Bass,Toxic
6,Tiger Striped Sky,On The Floor
6,You're So Beautiful (Original Version) [feat. Jussie Smollett],Lights
6,Locked Away,Te Amo
6,Powerful (feat. Ellie Goulding & Tarrus Riley),Born This Way
6,Like I'm Gonna Lose You,Domino
6,Same Old Love,Just the Way You Are
6,I Love L.A.,Empire State Of Mind
6,Brave,I Will Wait
6,Lay Me Down,Bleeding Love
6,Conqueror (feat. Estelle and Jussie Smollett),She Will Be Loved - Demo
6,We Both Know,I'm Yours
6,Never Fade,Baby
6,Morning Sun,Photograph
6,What This World Is Coming To (feat. Beck),I Want It That Way
6,Welcome to the Black Parade,The Scientist
6,Work It,Closer
6,Get Ur Freak On,I Gotta Feeling
6,Empire State Of Mind,The Show Must Go On
6,Can't Get You Out Of My Head,Rolling in the Deep
6,1234,Best Day Of My Life
6,My Love,Paradise
6,Family Affair,Amsterdam
6,Knock You Down,Digg It
6,Snow (Hey Oh) - Hey Oh Album Version,Beautiful Girls
6,Californication,No Scrubs
6,Every Morning,Fell In Love With A Girl
6,These Words,Don't Try So Hard
6,Ridin',Where Is the Love?
6,Prom Queen,One More Time
6,Cyclone,Wavin' Flag
6,Ayo Technology,I'm a Believer
6,Superstar (feat. Matthew Santos),Ben
6,Holy Spirit,Bring It To Jesus
6,"Stay ""Trap Style"" (Originally by Rihanna)",Super Bass
6,Adventure Of A Lifetime,Best I Ever Had
6,Area,Empire State Of Mind
6,Bounce Back,Without
7,Rainbow In The Dark,Baba O'Riley
7,One,Highway to Hell
7,The Day That Never Comes,Comfortably Numb
7,The Unforgiven III,Enter Sandman
7,Turn The Page,A Human Body
7,Tuesday's Gone,Sweet Child O' Mine
7,Seek & Destroy - Remastered,Black Dog
7,Until It Sleeps,Free Bird
7,Hero Of The Day,Rocket Man - 03
7,Master Of Puppets,Space Oddity
7,The Unforgiven,Fight
7,Wherever I May Roam,Paint It Black
7,Nothing Else Matters,Smoke On the Water
7,The Memory Remains,Walk This Way
7,The Unforgiven II,Sweet Emotion
7,Low Man's Lyric,Pour Some Sugar on Me
7,Ride The Lightning - Remastered,Eye of the Tiger
7,For Whom The Bell Tolls - Remastered,Seventh Son
7,Fade To Black - Remastered,Stairway To Heaven
7,The Call Of Ktulu - Remastered,Imagine
7,About A Girl,Dream On
7,Come As You Are,November Rain
7,Pennyroyal Tea,More Than a Feeling
7,Polly,Hotel California
7,Something In The Way,Wish You Were Here
7,Plateau,American Pie
7,Oh Me,Born to Run
7,Lake Of Fire,The Sounds Of Silence
7,All Apologies,In the Air Tonight
7,Where Did You Sleep Last Night,We Will Rock You
7,Free Fallin',Piano Man
7,Alive,Underground
7,Black,We Didn't Start the Fire
7,Jeremy,Tuesday's Gone
7,Oceans,Welcome To The Jungle
7,Garden,Whole Lotta Love
7,Hunger Strike,Can't Fight This Feeling
7,Rooster,Once
7,Man in the Box,Riders On The Storm
7,The Trooper - 1998 Remastered Version,Light My Fire
7,War Pigs - Basement Tape,I Still Haven't Found What I'm Looking For
7,Hallowed Be Thy Name - 1998 Remastered Version,You Give Love A Bad Name
7,Silent Lucidity - 2003 - Remaster,Run to the Hills - Live
7,Youth Gone Wild,Fade to Black
7,18 And Life,"Mama, I'm Coming Home"
7,Heaven and Hell - Remastered Version,Here I Go Again
7,Lonely Is the Word - Remastered Version,(I Can’t Get No) Satisfaction
7,Voodoo - Remastered Version,(Don't Fear) The Reaper
7,I - Remastered Version,"Another Brick in the Wall, Pt. 1"
7,Shadow Of The Wind,A Winter's Tale
7,Changes,Somebody To Love - Live
7,Suicide Solution,Paranoid
7,Goodbye To Romance,Kryptonite
7,Over the Mountain,Californication
7,Flying High Again,Tears in Heaven
7,Diary of a Madman - Remastered,It's My Life
7,Bark at the Moon,Carry on Wayward Son
7,You're No Different,Still Loving You
7,Rock 'n' Roll Rebel,Come As You Are
7,"Mama, I'm Coming Home",Losing My Religion
7,No More Tears,Hysteria
7,Time After Time,Karma Police
7,Road to Nowhere,Creep
7,Perry Mason,Personal Jesus
7,I Just Want You,Black Hole Sun
7,Thunder Underground,The Unforgiven
7,See You on the Other Side,The Final Countdown
7,Dreamer,Back in Black
7,Afraid To Shoot Strangers - 1998 Remastered Version,Born In The U.S.A.
7,Blood Brothers,Money For Nothing
7,Vermilion Pt. 2,All Star
7,Duality,High Hopes
7,Swallowed - Remastered,TNT
7,Machinehead - Remastered,My Generation
7,Glycerine - Remastered,I Want To Tell You - Remastered
7,Man On The Silver Mountain,Lucille
7,Here I Go Again 87 - 2017 Remastered Version,Lucille
7,"Blaze Of Glory - From ""Young Guns II"" Soundtrack",Lucille
7,Dream On,Lucille
7,Sweet Emotion,Strawberry Fields Forever - Take 7
7,Come Together,I Feel Fine
7,Stairway To Heaven,Bésame Mucho
7,Rebel Yell,A Day In The Life - Remix
7,Runnin' Down A Dream,I Want You (She's So Heavy) - Remastered
7,Mary Jane's Last Dance,Norwegian Wood (This Bird Has Flown) - Remastered
7,Nights In White Satin - Single Version / Mono Mix,Misery
7,Tush - 2006 Remastered Version,Across The Universe - Remastered
7,Comin' Home,Lucille
7,Mr. Banker - Demo Version,While My Guitar Gently Weeps
7,Down South Jukin' - Demo Version,Besame Mucho
7,Tuesday's Gone,"Ob-La-Di, Ob-La-Da - Remastered"
7,Things Goin' On,PS. I Love You
7,Free Bird,Lucy In The Sky With Diamonds - Remix
7,Sweet Home Alabama,I'll Follow The Sun
7,Was I Right Or Wrong,Sgt. Pepper's Lonely Hearts Club Band - Remix
7,Don't Ask Me No Questions,With A Little Help From My Friends - Remix
7,Swamp Music,Misery
7,The Ballad Of Curtis Loew,Besame Mucho
7,Call Me The Breeze,Twist and Shout
7,Saturday Night Special,A Hard Day's Night
7,Made In The Shade,Misery
7,(I Got The) Same Old Blues,Lucille
7,Georgia Peaches,Janie's Got A Gun
7,What's Your Name,London Town
7,That Smell,Maybe I'm Amazed
7,You Got That Right,Live And Let Die
7,Cum on Feel the Noize,No More Lonely Nights
7,I Drink Alone,Jet
7,"One Bourbon, One Scotch, One Beer",Letting Go
7,Stranglehold,Yesterday
7,Cat Scratch Fever,Ebony And Ivory - Live
7,(Don't Fear) The Reaper,Say Say Say
7,Burnin' for You,Tug Of War
7,Tom Sawyer,The Long And Winding Road
7,The Spirit Of Radio,Maybe I'm Amazed
7,Simple Man,Every Night
7,Carry on Wayward Son,What's That You're Doing? - Remixed 2015
7,Bad Company - 2015 Remastered Version,I Saw Her Standing There
7,Feel Like Makin' Love - 2015 Remastered Version,Heartbeat
7,Shooting Star - 2015 Remastered Version,Ain't No Sunshine
7,What You Give,The Best
7,Paradise,River Deep Mountain High
7,Hard Luck Woman,What's Love Got to Do with It
7,Night Life,Fantasy
7,Crazy,Free Fallin'
7,"Mammas, Don't Let Your Babies Grow Up to Be Cowboys",Tiny Dancer
7,Georgia On My Mind,Edge of Seventeen
7,On the Road Again,Summer Of '69
7,Always On My Mind,Hey There Delilah
7,Nothin' But A Good Time - 2006 - Remaster,Hurts So Good
7,Every Rose Has Its Thorn - 2003 - Remaster,Jack & Diane
7,Can't You See,Walking In Memphis
7,Wagon Wheel,Your Song
7,More Than a Feeling,Miss You Like Crazy
7,Peace of Mind,Patience
7,Dust in the Wind,Get on the Floor
7,Carry On Wayward Son,Mole
7,Come Sail Away,American Woman
7,Gimme Three Steps,Born to Be Wild
7,Smooth,Take It Easy
7,Oye Como Va,Break On Through (To The Other Side)
7,Black Magic Woman,Gimme Shelter
7,Evil Ways,Won't Get Fooled Again
7,Jingo - Single Version,Ben
7,Samba Pa Ti,Through The Fire And Flames
7,Cocaine,Welcome to the Black Parade
7,Wonderful Tonight,Immigrant Song
7,My Father's Eyes,War Pigs
7,Tears In Heaven,Killing In The Name
7,Lonely Stranger,Fly Like an Eagle
7,Nobody Knows You When You're Down And Out,Magic Carpet Ride
7,Layla,Mississippi Queen
7,Running On Faith,Layla
7,Walkin' Blues,Friends
7,Alberta,London Calling
7,San Francisco Bay Blues,I Don't Want to Miss a Thing - Pop Mix
7,Malted Milk,What You Want
7,Old Love,Have You Ever Seen The Rain?
7,Rollin' & Tumblin',Down On The Corner
7,You Are So Beautiful,Fortunate Son
7,You Can Leave Your Hat On,Bad Moon Rising
7,With A Little Help From My Friends,Lodi
7,Pride and Joy,Susie Q
7,Texas Flood,Proud Mary
7,Luckiest Man,Green River
7,Black Betty,I Put a Spell On You
7,All I Can Do Is Write About It,Midnight Special
7,Be Careful With a Fool,Don't Look Back in Anger
7,Mojo Boogie,Champagne Supernova - Remastered
7,I'd Love To Change The World,Wonderwall
7,Black Diamond - Live,Hey Baby
7,Comfortably Numb,Surfin' U.S.A.
7,All Along the Watchtower,God Only Knows
7,Highway Star,Good Vibrations
7,Little Wing,Wouldn't It Be Nice
7,Killer Queen - Remastered 2011,The Rain Song
7,YYZ - Live In Canada / 1980,Hotel California
7,In My Dreams (Re-Recorded / Remastered),Over The Hills And Far Away
7,School's Out,Good Times Bad Times
7,Don't Stop Believin',D'yer Mak'er
7,Paradise City,Going To California
7,Sweet Child O' Mine,Trampled Under Foot
7,Live And Let Die,Achilles Last Stand
7,Nobody's Fool,Black Velvet
7,Rock You Like A Hurricane,Old Time Rock & Roll
7,The Zoo,La Grange
7,No One Like You,Sharp Dressed Man
7,Still Loving You - Single Version,Gimme All Your Lovin'
7,Big City Nights,Don't Stop Believin'
7,Rhythm Of Love,Brown Eyed Girl
7,Wind Of Change,American Girl
7,Send Me An Angel,Take the Money and Run
7,Alien Nation - Edit,The Boys Are Back In Town
7,Holiday,Feels Like the First Time
7,Metal Health (Bang Your Head),Urgent
7,Cum on Feel the Noize,Born In The U.S.A.
7,White Wedding - Pt. 1,Werewolves of London
7,"Rock and Roll, Hoochie Koo",Peaceful Easy Feeling
7,House Of The Rising Sun,Lyin' Eyes
7,Won't Get Fooled Again - Remix,Never Going Back Again - Live
7,Paint It Black,The Minstrel's Prayer
7,Long Cool Woman (In A Black Dress) - 1999 Remastered Version,Down
7,For What It's Worth,More Than a Feeling
7,Take It Easy,Carry on Wayward Son
7,Witchy Woman,Smoke On the Water
7,Peaceful Easy Feeling,Old Man
7,Tequila Sunrise,The Painter
7,Lyin' Eyes,Dancing In The Dark
7,Hotel California - Remastered,Sweet Caroline
7,The Camera Eye - Live In Cleveland - MP Version,Dust In The Wind
7,The Night,Like A Rolling Stone
7,Stuck In The Middle With You,Blowin' in the Wind
7,The Final Countdown,Mr. Tambourine Man
7,Jailbreak,Our House
7,It's a Long Way to the Top (If You Wanna Rock 'N' Roll),Steel Rail Blues
7,The Jack,Carefree Highway
7,T.N.T.,Take It To The Limit
7,Dirty Deeds Done Dirt Cheap,These Eyes
7,Let There Be Rock,Imagine
7,Whole Lotta Rosie,Can't You See
7,Highway to Hell,Fire On High
7,Hells Bells,Owner Of A Lonely Heart
7,Shoot to Thrill,House Of The Rising Sun
7,Back In Black,Blue Collar Man @ 2120
7,You Shook Me All Night Long,Solsbury Hill - Live
7,Rock and Roll Ain't Noise Pollution,Riders On The Storm
7,For Those About to Rock (We Salute You),Black Water
7,You Shook Me All Night Long,Refried Dreams
7,Hells Bells,DONE.
7,Who Made Who,Precious Memories
7,Thunderstruck,Chasing Cars
7,Hurt,Torn
7,I Walk the Line,Complicated
7,Folsom Prison Blues - Live,Home
7,Kryptonite,Rock You Like A Hurricane
7,The Sound Of Silence,Two Princes
7,The Body Of An American,Brother
7,Fortunate Son,Closer
7,Hold On Loosely,Use Somebody
7,Fortunate Son,Whiskey In The Jar
8,Maybe,Crisis
8,"I'ma Hata (feat. Waka Flocka, Tyler The Creator & Debo)",POWER
8,Birthday Song,Starships
8,Feds Watching,Say Sum
8,Used 2,Mask Off
8,Beez In The Trap,XO TOUR Llif3
8,Where U Been?,Ric Flair Drip
8,I Luv Dem Strippers,Childs Play
8,Yuck!,2 Pac and Biggie
8,Crack,MotorSport
8,Fork,What Im Sayin
8,Believe Me,Gucci Gang
8,6 Foot 7 Foot,NaNa
8,Blunt Blowin,Endeavor
8,Krazy,Black Beatles
8,V. 3005,Bodak Yellow
8,Work REMIX,Lit Thot
8,We Dem Boyz,Partition
8,Off The Floor,Mercy
8,Loyal,Phone Down
8,Don't Tell 'Em,Pop Style
8,Booty Me Down,HUMBLE.
8,Ayy Ladies,DNA.
8,Make It Rain,ELEMENT.
8,Rack City,Bounce Back
8,Faded,It's A Vibe
8,Dope,Loyal
8,All Me,my boy
8,Clique,Hotline Bling
8,Mona Lisa,Jumpman
8,Roll Up,One Dance
8,No Sleep,Life
8,Candy Rain,Slide
8,Bottoms Up - feat. Nicki Minaj,Foreva
8,She Ain't You,Moves
8,No Hands (feat. Roscoe Dash and Wale) - Explicit Album Version,Big Rings
8,Grove St. Party - feat. Kebo Gotti [Explicit Album Version],Light Up
8,Money Baby,Out
8,I Don't Like (Remix),Work
8,Diamonds,"Me, Myself & I"
8,Where Have You Been,rockstar
8,Numb,4Life
8,Jump,Black Mass
8,What Now,Element
8,Talk That Talk,Panda
8,We Found Love,2 Phones
8,Cockiness (Love It),This the Way
8,Birthday Cake,Cold
8,S&M,Go Flex
8,Only Girl (In The World),Talk
8,Hard,Congratulations
8,Umbrella,Element
8,Don't Stop The Music,Go Flex
8,Shut Up And Drive,Ghost
8,Rehab,Mo Bamba
8,SOS,POW!
8,Drunk in Love,Pretend
8,Partition,Same Old Love
8,Countdown,A Ella
8,End of Time,One Chance
8,It's Nothin - feat. 2 Chainz,Carolina
8,Bandz A Make Her Dance,Big Foot
8,All The Way Turnt Up,In The Night
8,Donk,Pump It
8,Pop That,Secret
8,I Wanna Rock,Neheb N3ch Hayati
8,Stupid Hoe,Kiss the Sky
8,Hey Ya! - Radio Mix / Club Mix,19 You + Me
8,Who Do You Love?,Going Under
8,Forever,One Time
8,She Will,OMG
8,Hannah Montana,Carolina
8,Hunter,Raw
8,Lemme See,Sunshine
8,My Last,Love You Long Time
8,Candy Rain (feat. Billy Bang),Lush Life
8,Video Phone,Last Dance
8,Applause,Take A Breath
8,Poker Face,Afrika
8,Just Dance,Shameless
8,Party Rock Anthem,The Ride
8,Sorry For Party Rocking,I Love College
8,Shots,Somebody That I Used To Know
8,Fight Night,One More Night
8,Let It Rock,Starboy
8,Right Round - feat. Ke$ha,Shape of You
8,Lifestyle,Havana
8,Tapout,Memories
8,Pretty Wings - uncut,Perfect
8,Chandelier,Thinking Out Loud
8,Turn My Swag On,my boy
8,Booty Got Swag,Tentación
8,"Work Hard, Play Hard",Havana
8,Black And Yellow,Through With You
8,305 To My City,Finesse
8,Tuscan Leather,Ignition
8,Worst Behavior,Yeah!
8,Headlines,Royals
8,We'll Be Fine,We Found Love
8,HYFR (Hell Ya Fucking Right),Jump Up
8,Over,Low
8,The Motto,No One
8,All Of The Lights,Diamonds
8,EveryGirl In The World,Halo
8,Rich As Fuck,Rolling in the Deep
8,Bill Gates,Super Bass
8,Lollipop,Wherever You Will Go
8,Stuntin' Like My Daddy - Street,Numb
8,Trophies,How to Save a Life
8,Grindin',The Way I Am
8,No Flex Zone,Best of You
8,We Still In This Bitch (feat. T.I. and Juicy J),Viva La Vida
8,Womanizer,Hot In Herre
8,Take It To The Head,Mr. Brightside
8,2 Bitches,Bad Romance
8,2 On,Wrecking Ball
8,Poison,Firework
8,Work B**ch,Rude
8,I Wanna Go,Party Rock Anthem
8,Handsome And Wealthy,Uptown Funk
8,Freak No More,All of Me
8,3,Just the Way You Are
8,IV. sweatpants,Intro
8,Break Free,Radioactive
8,All The Time,The Town
8,Turn On The Lights,I Gotta Feeling
8,Karate Chop (Remix),Baby
8,Sh!t,Chandelier
8,Tony Montana,Real Love
8,Dance (A$$) Remix,Closer
8,Set Fire to the Rain,U Can't Touch This
8,Someone Like You,Pretty Girl Rock
8,Rolling in the Deep,Work from Home
8,Rumour Has It,Hips Don't Lie
8,Chasing Pavements,Don't Stop Believin'
8,King Sh*t,All Star
8,F-U,Ben
8,Act Right,Lose Yourself
8,LeBron James,Complicated
8,I Got Dat Sack,Poker Face
8,Sorry,Single Ladies
8,Don't Come Around,Bad Blood
8,Main Chic,Lick
8,36,Stressed Out
8,Communication,Heathens
8,Jack Tripper,Can't Stop the Feeling
8,Stoner - Flosstradamus Remix,Love Yourself
8,Type of Way,Bang Bang
8,Panties To The Side,Someone Like You
8,Till the World Ends,Say Something
8,Hoe (feat. YG & Yo Gotti),Take Me To Church
8,Drank In My Cup,Locked Out Of Heaven
8,Shabba,When I Was Your Man
8,Murda Something,Counting Stars
8,Dump Dump,Ho Hey
8,Let It Go,Pegs
8,Climax,Royals
8,Cut Her Off,Timber
8,Bounce It,Pour It Up
8,Tom Ford,7 Years
8,F*ckwithmeyouknowigotit,Just Dance
8,Beach Is Better,Roar
8,Ready (feat. Future),Hitchhiker
8,Steady Mobbin,Get Em
8,Young and Gettin It - Coke Boyz Remix,One Touch
8,"Kilo [feat. French Montana, Yo Gotti & Louie V Gutta]",Thunder
8,Did It On’em,Gangnam Style (강남스타일)
8,2AM.,Fancy
8,No Type,Call Me Maybe
8,Hold Up,Poison
8,Tuesday (feat. Drake),The Hills
8,Sex You,Waves
8,Its Just Us,Can't Feel My Face
8,Sexy Lady,What Do You Mean?
8,Turn Down for What - Official Remix,Wolves
8,Swimming Pools (Drank) - Extended Version,Truth Hurts
8,John,Hands On Me
8,We,Dark Horse
8,Maneuvering,Begging
8,Whip It (Freestyle),Again Again
8,New Flame,As You Are
8,Lotus Flower Bomb - feat. Miguel,Driving
8,Say Something (Featuring Drake),Butterfly
8,There Goes My Baby,You & Me
8,Love More,Make It Nasty
8,Wobble,Lift Me Up
8,Cupid Shuffle,Collide
8,Hot N*gga,Make It Nasty
8,I'm Thuggin,Olé
8,Numb,Begging
8,I. crawl,Memphis
8,I. the party,Raw
8,II. no exit,Vitrier
8,II. zealots of stockholm [free information],Twenty Eight
8,I. pink toes,A Walk In The Park
8,II. earth: the oldest computer (the last night),No Police
8,Too Much (feat. Lizzle & Trey Songz),Can’t Forget
8,Would U Do,Anymore
8,Let's Get It (feat. Ty Dolla $ign and Wiz Khalifa),Six Feet Under
8,Bobby Bitch,Donde No Se Vea
8,U Guessed It,A Good Heart
8,Deep Down Inside - Original Mix,Don't Bother
8,On To The Next One,Love Me
8,H•A•M,Whisper
8,Black Skinhead,Helicoptero
8,Why Don't You Love Me,Stand By Me - Remix
8,Only,Eraser
8,No Worries,Women vs. Men
8,Do It,Carry Me Home
8,Hold You Down,The A Team
8,Try Me,All I Got
8,Scream & Shout,Why?
8,Scream & Shout,Pull up Late
8,Boom Boom Pow,Ain't So Low
8,Go DJ,Gooo!
8,Paradise,Get Back
8,We Them Niggas,Disco Rekah
8,Sexy And I Know It,The Walk
8,Mind Right,Diles
8,CoCo,Fuck Um
8,How Will I Know,Tamale
8,One Nation Under a Groove,Pa Ti
8,Ring My Bell,The Colonel
8,It Takes Two (Re-Recorded / Remastered),Let It Slide
8,Blowin Money Fast (BMF),1z
8,Blah Blah Blah,Hey Mama
8,Shake Ya Ass,Negative
8,24 Hours,Action
8,Can't Trust Thots,Attention
8,"Airtime (feat. Sean Garrett, Future, Lou Williams, & Rocko)",first take
8,Magic - Remix,Foreal
8,Like A Man (feat. Rich Homie Quan),Booty Booty
8,I'm Awesome,Loba
8,Trillmatic,Made In The USA
8,Preach,Power
8,Nasty,Never Again
8,I'm Goin In,Sass Pancakes
8,Take Kare,Friendly Skies - Interview
8,Bitches N Marijuana,Im The shit
8,"Touchin, Lovin (feat. Nicki Minaj)",watch
9,Reptilia,Learn to Fly
9,Feels Like We Only Go Backwards,Best of You
9,Hotel California - Remastered,Seven Nation Army
9,More Than a Feeling,All My Life
9,Separate Ways (Worlds Apart),Enter Sandman
9,Juke Box Hero,The Pretender
9,1979,My Hero
9,YYZ,Sweet Child O' Mine
9,Sultans Of Swing,Back in Black
9,Spiderhead,Above the Sun
9,Cry Baby,Highway to Hell
9,Come a Little Closer,Make It Out
9,You Only Live Once,Stairway To Heaven
9,All These Things That I've Done,To Brooklyn
9,Heathrow,It's A Long Way to the Top (If You Wanna Rock 'N' Roll)
9,Paint It Black,Above the Sun
9,"Metropolis - Part I [""The Miracle And The Sleeper""]",Whole Lotta Love
9,Rock the Casbah - Remastered,Paint It Black
9,Are You Gonna Be My Girl,Another Brick in the Wall (Part 2)
9,Nothing Else Matters,Immigrant Song
9,"Another Brick in the Wall, Pt. 2",Go With The Flow
9,The One Moment,Money For Nothing
9,Buckle,Once
9,Feathergun in the Garden of the Sun,Oompa Loompa
9,If You Wanna,Piano Man
9,Cardiac Arrest,Fearless
9,Heathens,No One Knows
9,Bored To Death,Bad to Me
9,Ocean Avenue,(I Can’t Get No) Satisfaction
9,The Hurt Is Gone,Perron de Madre
9,Californication,American Idiot
9,Under The Bridge,Rocket Man (I Think It's Going To Be A Long Long Time)
9,Perfect Score,Voodoo Child (Slight Return)
9,Secrets,Born to Be Wild
9,Carry On,Gimme Shelter
9,Houdini,Layla
9,Pumped Up Kicks,Riders On The Storm
9,Welcome To Your Life,Free Bird
9,Borderlines And Aliens,Bad Moon Rising
9,The Struggle,Alive
9,Radioactive,Above the Sun
9,Soundcheck,The Joker
9,Postpone,Take It Easy
9,Los Angeles,The Scientist
9,Roll with the Changes,Fix You
9,Althea,Black Hole Sun
9,She's Out Of Her Mind,Killing In The Name
9,Scarlet Begonias,Our God Is Here
9,All You Are Is History,Californication
9,Tom Sawyer,Basket Case
9,The Middle,Paranoid
9,Time,Sultans Of Swing
9,Black Dog,To The Sun
9,Sympathy For The Devil,What You Want
9,Stairway To Heaven,Brazilian Beat - Dope Mix
9,Rock And Roll,Sweet Home Alabama
9,Sweet Home Alabama,Wish You Were Here
9,Sweet Child O' Mine,Losing My Religion
9,Another One Bites The Dust - Remastered 2011,Mother
9,Roxanne - Remastered 2003,Sharp Dressed Man
9,Paradise City,Rosu Frana
9,Come Together - Remastered,Purple Haze
9,Smoke On the Water,My Immortal
9,Pinball Wizard,Adventure of a Lifetime
9,Water Of Love,Daydreamer
9,It's My Life,Fade to Black
9,Seven Nation Army,Sweet Emotion
9,Paranoid - Remastered Version,Like A Rolling Stone
9,Free Bird,Billie Jean
9,Rock And Roll All Nite,Don't Speak
9,Wish You Were Here,Smells Like Teen Spirit
9,Livin' On A Prayer,Breaking the Law
9,You Give Love A Bad Name,Africa
9,Baba O'Riley,You Give Love A Bad Name
9,Elephant,In the Air Tonight
9,No One Like You,Where The Streets Have No Name
9,Anything,Clocks
9,Cigarette Daydreams,Dopeness
9,Aberdeen,Troublemaker
9,I Believe In A Thing Called Love,Lucille
9,Dream On,Behind Blue Eyes
9,Walk This Way,Do You Know
9,Life In The Fast Lane - Remastered,We Didn't Start the Fire
9,Elephants,Fight
9,Interstate Love Song,"Take Me Home, Country Roads"
9,R.I.P. 2 My Youth,I Love Rock n' Roll
9,Resistance,Runaway Train
9,Andrew’s Song,Crazy
9,Outside,You Shook Me All Night Long
9,On Melancholy Hill,Beautiful Day
9,Show Me What I'm Looking For,Zombie
9,Here It Goes Again,Knockin' On Heaven's Door
9,Ain't No Rest for the Wicked - Original Version,Lucille
9,Wonderwall - Remastered,Comfortably Numb
9,Paranoid - Remastered Version,Hotel California
9,Alive,A Winter's Tale
9,Brain Damage,Kickstart My Heart
9,Comfortably Numb,Symphony of Destruction
9,Santeria,Breath
9,Knockin' On Heaven's Door,Paradise City
9,When The Levee Breaks,Fly Away
9,Hot For Teacher - 2015 Remastered Version,Down With the Sickness
9,Summer Of '69,Enter Sandman
9,Do I Wanna Know?,Under The Bridge
9,Twice As Hard,Unchained Melody
9,La Grange - 2005 Remastered Version,Magic Dance
9,Legs (2008 Remastered Album Edit Version),One More Time
9,Sharp Dressed Man - 2008 Remastered Version,Get Lucky - Radio Edit
9,Caravan,Pumped Up Kicks
9,We Will Rock You - Remastered,Take On Me
9,Back In Black,Drive
9,Ramble On,Wake Me Up When September Ends
9,Ramblin' Man,Billie Jean
9,Peace of Mind,Kiss
9,Whole Lotta Love,Rolling in the Deep
9,All Along the Watchtower,Yellow
9,Carry on Wayward Son,Hallelujah
9,Dust in the Wind,Feeling Good
9,Love Her Madly,Somebody That I Used To Know
9,Foreplay / Long Time,Radioactive
9,Purple Haze,Just Dance
9,Riders On The Storm,Drink You Away
9,Africa,Africa
9,Hold the Line,Pompeii
9,Message In A Bottle - Remastered 2003,Royals
9,All Right Now,Uptown Funk
9,Layla - 40th Anniversary Version / 2010 Remastered,Shake It Off
9,(Don't Fear) The Reaper,Call Me Maybe
9,Back In The U.S.S.R. - Remastered,Can't Stop the Feeling
9,Mississippi Queen,Radioactive
9,Division,Viva La Vida
9,Under Pressure - Remastered 2011,Home
9,Babe I'm Gonna Leave You,Every Time You Go
9,Yellow Submarine - Remastered,In The Night
9,Taxman - Remastered,Can't Feel My Face
9,Bad To The Bone,Dark Paradise
9,Mary Jane's Last Dance,Take Me To Church
9,Slow Burn,Work
9,Slow Ride,Shape of You
9,Who Loves You,Memories - Extended
9,My Sharona,Lose Yourself
9,Barracuda,Wings
9,The Final Countdown,Rolling in the Deep
9,One Way Or Another - 2001 - Remaster,Chandelier
9,Howlin' For You,The Hills
9,Still Loving You,Fancy
9,I Want To Break Free - Remastered 2011,Wrecking Ball
9,Dare,Cheap Thrills
9,The Touch (1997 Remix),Starboy - Kygo Remix
9,St. George and the Dragon,Dancing On My Own
9,Fox On The Run,All About That Bass
9,Take On Me,Counting Stars
9,Waiting Around For Grace,Uptown Funk - Radio Edit
9,Rocket Man (I Think It's Going To Be A Long Long Time),Problem
9,September,Love Yourself
9,Hound Dog,Hotline Bling
9,The Sun,Hello
9,Tangled,my boy
9,Not Coming Home,Tentación
9,Where Are You Now?,Percao
9,Jack & Diane,Hello
9,Black Magic,Toxic
9,Chasing Shadows,Poker Face
9,Don't Tell,Firework
9,She Said,Baby
9,Bulletproof,Ain't No Mountain High Enough
9,Modern Love,Carolina
9,Egyptian Reggae - Live,Element
9,Baby Driver,I Will Always Love You
9,Killer Queen - Remastered 2011,Like A Prayer
9,Fat Bottomed Girls,Oh Pretty Woman
9,Brighton Rock - Remastered 2011,Summer Of '69
9,Hole In Your Heart,Don't Stop Believin'
9,Dizzy On the Comedown,Suspicious Minds
9,Devotion To A Dream,Dancing Queen
9,Madness,Last Dance
9,Sunburn,I Was Made To Love Him
9,MK Ultra,The Final Countdown
9,Starlight,Wonderful tonight
9,I Belong To You [+Mon Coeur S'Ouvre A Ta Voix],Runnin' Down A Dream
9,Godzilla,Brown Eyed Girl
9,Sunshine Of Your Love,All I Want For Christmas Is You
9,It's a Long Way to the Top (If You Wanna Rock 'N' Roll),Fantasy
9,Burnin' for You,Sledgehammer
9,Shoot to Thrill,Girls Just Want to Have Fun
9,Rock Bottom - 2007 Remaster,Love Shack
9,Let There Be Rock,I'm a Believer
9,I Fought the Law,Walking on Sunshine
9,Tangerine,Fly Me To The Moon
9,Kashmir,Dream On
9,Travelling Riverside Blues - 29/6/69 Top Gear,Baba O'Riley
9,Born To Be Wild,Another One Bites The Dust - Live
9,No Quarter,Immigrant Song
9,Trampled Under Foot,Easy
9,The Angry River (feat. Father John Misty and S.I. Istwa) [Theme From the HBO® Series True Detective],Do You Know
9,Safari Song,Should I Stay or Should I Go - Live
9,Achilles Last Stand,My Girl
9,Cold As Ice - Single / LP Version,Best Day Ever
9,Friends,Sweet Caroline
9,Welcome To The Jungle,Time After Time
9,Highway to Hell,I'm Every Woman
9,Rock You Like A Hurricane,I'm Still Standing
9,The Boys Are Back In Town,Don't You Forget About Me
9,Hot Blooded,Come On Eileen
9,Immigrant Song,Superstition
9,You Shook Me All Night Long,Brass In Pocket - Live
9,T.N.T.,Manic Monday
9,Pour Some Sugar On Me (2012),Ben
9,Eye of the Tiger,Movin' Out (Anthony's Song)
9,Don't Stop Me Now - Remastered,The Power Of Love
9,Should I Stay or Should I Go - Remastered,Cars
9,Sweet Emotion,Jessie's Girl
9,Dirty Deeds Done Dirt Cheap,Tiny Dancer
9,(I Can't Get No) Satisfaction - Mono Version / Remastered 2002,Sweet Dreams (Are Made of This)
9,Money,Take My Breath Away
9,You Really Got Me - Mono Mix,Fight For Your Right
9,Behind Blue Eyes,Lucille
9,Heroes - 1999 Remastered Version,Tiny Dancer
9,Starman - 2012 Remastered Version,Born In The U.S.A.
9,Born to Run,Tainted Love
9,I Want To Break Free - Single Remix,What's Love Got to Do with It
9,Helena Beat,I Want To Know What Love Is
9,Have You Ever Seen The Rain?,We Built This City
9,American Pie,I Just Called To Say I Love You
9,Give Me Novacaine/She's A Rebel,Blue Monday
9,Whatsername,She Drives Me Crazy
9,The Fixer,Celebration
9,American Girl,I Want To Know What Love Is
9,Runnin' Down A Dream,1999
9,Free Fallin',Truth Hurts
9,Refugee,The Hydra
9,Mary Jane's Last Dance,Truth Hurts
9,I Won't Back Down,Havana
9,Sheep - 2011 Remastered Version,Gonna Make You Sweat (Everybody Dance Now)
9,In The Light,Havana
9,No One Knows,Perfect Strangers
9,The Feel Good Drag,Perfect Strangers
9,Bathtub Gin (7/29/98) - Album Filler,Honda
9,The Remedy (Live),Honda
9,Simple,Lost On You
